item_id,file,difficulty,source_title,source_url,access_date,extraction_notes,license_or_redistribution_status,reviewer_signoff,source_family,qa_overall,source_text
zh_01,03_tvos.txt,easy,在 Apple TV 4K 上添加、移除或删除个人资料 - 官方 Apple 支持 (中国),https://support.apple.com/zh-cn/guide/tv/atvb0753b37d/tvos,2026-04-17,"trafilatura | Clean official Apple support content about profiles and account-managed profiles on Apple TV 4K. | Clean official support prose with UI terminology, procedural sequencing, and audience-fit pressure.",private_dataset_only_manual_review_required,source_audit=pass; qa=pass; reviewed=2026-04-17,consumer help / official support,pass,"在 Apple TV 4K 上添加、移除或删除个人资料
你可以在 Apple TV 4K 上轻松创建个人资料，以便每位家庭或同住成员在 Apple TV App 中都获得各自的“待播列表”、观看历史和个性化推荐。Apple TV 4K 上的个人资料有两种类型：Apple 账户用户个人资料，以及受管理个人资料（针对家庭中未拥有 Apple 账户的用户）。受管理个人资料由 Apple 账户个人资料创建，然后分配给家庭或同住成员。
如果你拥有 Apple 账户个人资料，还可在 Apple TV 4K 上执行以下操作：
在 Apple TV 4K 上以当前个人资料登录时，将一切保持同步，包括：自定义系统语言偏好设置；配对 AirPods 设置；Game Center、“音乐”和“播客” App 数据及推荐内容；以及 Apple TV App 所关联 App 的推荐内容。
创建最多五个受管理个人资料。每个受管理个人资料都有专属的名称和头像，还可选择使用儿童设置（儿童个人资料）。作为个人资料管理者，你可为所有这些个人资料设定推荐或自定义的内容限制。此外，儿童个人资料还会基于你所设置的内容限制仅显示适龄内容和搜索结果。
在其他 Apple TV 4K 或智能电视、游戏主机、流播放设备或者有线或卫星服务上的 Apple TV App 中登录后，查看受管理个人资料。
添加个人资料后，你可以轻松在个人资料间切换。
使用 Apple 账户创建个人资料
如果你拥有 Apple 账户，可在 Apple TV 4K 上执行以下任一项操作：
选择“通过 Apple 账户登录”，然后按照屏幕指示登录。
添加受管理个人资料
如果已使用 Apple 账户创建自己的个人资料，你可以创建最多五个额外个人资料并通过你的账户进行管理。作为个人资料管理者，你可以访问每个受管理个人资料的数据（如播放和搜索内容），还可修改或删除其中任何个人资料，或者将其升级至完整 Apple 账户。
在 Apple TV 4K 上，执行以下任一项操作：
选择“创建个人资料”，然后输入名称并为个人资料选取头像。
在“完成个人资料”屏幕上，执行以下任一项操作：
更改个人资料名称或头像：选择“名称”或“头像”，然后更改。
设置儿童个人资料：选择“儿童”，然后选择接受出现的选定限制，或者选择“自定义”为电视节目和电影选取适龄类别。
选取个人资料管理者：选择“管理者”，然后选取要管理此个人资料的 Apple 账户。
完成后，选择“完成”。
若要为受管理个人资料更改内容限制，或针对个人资料访问设置 4 位密码，请参阅：在 Apple TV 4K 上调整 Apple TV App 设置。
若要更改受管理个人资料的设置，请参阅：在 Apple TV 4K 上调整个人资料和账户的设置。
将受管理个人资料升级至 Apple 账户
如果拥有 Apple 账户个人资料，你可以将受管理成人个人资料升级至 Apple 账户。
在 Apple TV 4K 上前往“设置”。
前往“个人资料和账户”。
选择受管理个人资料，然后选择“升级至 Apple 账户”。
按照屏幕指示登录 Apple 账户并将该个人资料升级至 Apple 账户。
移除关联至 Apple 账户的个人资料
删除受管理个人资料
若要删除受管理个人资料，个人资料管理者需要在登录其 Apple 账户的移动设备上使用其 Apple 账户密码确认删除操作。
已删除的个人资料也将不再出现在个人资料管理者所登录的智能电视、流播放设备或游戏主机上的 Apple TV App 中。相关的观看历史及其他个人资料数据也将会删除。
在 Apple TV 4K 上前往“设置”。
导览至“个人资料和账户”，选择“[个人资料名称]”，然后选择“删除个人资料”。
按照屏幕指示登录 Apple 账户或在其他设备上确认。
【注】Apple TV 4K 上不支持管理式 Apple 账户，如由学校或其他组织 IT 部门设置的 Apple 账户。"
zh_02,04__E5_9C_A8_E7_94_B5_E8_84_91_E6_88_96-mac-_E4_B8_8A_E4_B8_8B_.txt,easy,在电脑或 Mac 上下载、安装或重新安装 Microsoft 365 或 Office 2024 - Microsoft 支持,https://support.microsoft.com/zh-cn/office/%E5%9C%A8%E7%94%B5%E8%84%91%E6%88%96-mac-%E4%B8%8A%E4%B8%8B%E8%BD%BD-%E5%AE%89%E8%A3%85%E6%88%96%E9%87%8D%E6%96%B0%E5%AE%89%E8%A3%85-microsoft-365-%E6%88%96-office-2024-4414eaaf-0478-48be-9c42-23adc4716658,2026-04-17,manual reconstruction from source article (cleaned support excerpt) | Substantive Microsoft install and reinstall instructions; extraction is clean and on-target. | Rebuilt as a cleaned support excerpt from the original Microsoft article; the earlier dropped-character and formatting artifacts are gone.,private_dataset_only_manual_review_required,source_audit=pass; qa=pass; reviewed=2026-04-17,consumer help / official support,pass,"准备好安装 Microsoft 365 或 Office 2024 了吗？

在开始之前，请确保电脑或 Mac 满足系统要求。如果你已经兑换过产品密钥、正在重新安装应用，或者已经通过工作或学校获得了许可证，那么可以直接跳到登录部分，下载并安装 Microsoft 365 或 Office。

如果这是你第一次安装 Microsoft 365 或 Office，则可能需要先完成一组预安装步骤。你执行的操作取决于你的 Microsoft 365 或 Office 副本是家庭版还是商业版，以及你是否拥有仍需要兑换的产品密钥、已与产品关联的帐户，或预分配的许可证。

Microsoft 365 或 Office 家庭版

如果你拥有家庭版产品，并且它附带了产品密钥，那么在首次安装之前，需要先兑换产品密钥。

转到 microsoft365.com/setup，使用现有或新的 Microsoft 帐户登录，然后输入产品密钥进行兑换。兑换密钥会将 Microsoft 365 或 Office 许可证添加到该 Microsoft 帐户中，并且每个产品密钥只需执行此操作一次。如果你要续订附带新产品密钥的 Microsoft 365 订阅，请使用先前与已过期版本订阅关联的同一 Microsoft 帐户。

完成此操作后，每当需要安装或重新安装 Microsoft 365 或 Office 时，都可以直接转到登录部分下载并安装应用。请务必使用用于在 office.com/setup 上兑换产品密钥的同一 Microsoft 帐户登录。

Microsoft 365 商业版

如果企业订阅计划包含桌面版 Microsoft 365 应用，那么只有在组织中有人向你分配了许可证之后，你才会看到安装选项。验证自己拥有许可证后，无论何时需要安装或重新安装 Microsoft 365，都可以直接转到下一部分登录下载 Office，然后选择相应的选项卡查看在 PC 或 Mac 上安装的步骤。你需要使用这些版本的 Microsoft 365 对应的工作或学校帐户进行登录。

如果没有产品密钥或帐户

某些版本的 Microsoft 365，例如 Office Professional Plus、Office Standard，或者独立应用如 Word 或 Project，并不与个人 Microsoft 帐户、工作或学校帐户关联。这些版本的安装方式取决于你的获取渠道，例如工作场所折扣计划、批量许可版本或第三方卖家。

登录以在电脑上下载 Microsoft 365 或 Office 2024

1. 转到 m365.cloud.microsoft/apps；如果你使用的是由世纪互联运营的 Office 365，则转到 login.partner.microsoftonline.cn。如果尚未登录，请先选择“登录”。
2. 使用与此 Microsoft 365 版本相关联的帐户登录。此帐户可以是 Microsoft 帐户，也可以是工作或学校帐户。
3. 登录后，按帐户类型选择相应步骤：
   使用 Microsoft 帐户时，从“Microsoft 365 应用”页中选择“安装应用”，然后根据版本选择安装选项。
   使用工作或学校帐户时，在主页中选择“安装应用”；某些界面中可能需要先从左侧导航中选择“应用”，再选择“安装应用”。"
zh_03,05_cold-calling-guide.txt,easy,冷电话销售：2025年销售代表实用指南 | Thunderbit,https://thunderbit.com/zh-Hans/blog/cold-calling-guide,2026-04-17,"Next.js source-data extraction (cleaned markdown excerpt) | Matches the linked sales-guide article and provides enough procedural/business prose to use. | Rebuilt from the page's Next.js source data; the earlier dropped statistics, empty step content, and truncated CTA are gone.",private_dataset_only_manual_review_required,source_audit=pass; qa=pass; reviewed=2026-04-17,business advice / cold-calling guide,pass,"刚开始做SaaS销售的时候，打冷电话对我来说简直像吃青菜。大家都说有好处，但真要多吃一口还真不容易。转眼到了2025年，AI已经渗透到各行各业，邮箱每天都被各种信息轰炸，但冷电话依然坚挺。其实，冷电话往往是销售代表突破信息噪音、和客户建立真实沟通的秘密武器。

我自己亲身经历过，也听到很多销售团队反馈，冷电话不仅没被淘汰，反而越做越精细。数据也很有说服力：虽然“冷电话已死”的说法一直有，但68%的销售团队还在用冷电话，而且不少销售代表每年打的电话还在增加。所以，不管你是经验丰富的 SDR，还是刚入行的小白，这份实用指南都适合你。我们会一起拆解冷电话到底是什么、为什么它依然重要，以及怎么用现代工具更快、更高效地找到并联系潜在客户。

什么是冷电话？

简单说，冷电话就是主动打给从没接触过的人，试图开启一场关于你产品或服务的对话。没有提前发邮件，没有熟人介绍，就是你、电话和一串陌生号码。

这里的重点就是“冷”。对方不认识你，你也不了解他们，至少目前是这样。相比之下，温电话是指对方已经表现出一定兴趣，例如下载过白皮书、参加过线上活动或者有熟人推荐。热电话则是对方主动要求你联系他。

举个例子：
- 冷电话：你打给一份网上找到的本地企业主名单，对方完全没听说过你。
- 温电话：你联系填写过“联系我们”表单的客户。
- 热电话：你回拨“请尽快联系我，我很感兴趣”的潜在客户。

到了2025年，冷电话依然是那种主动、无预警的首次接触，不过现在有了更精准的定位、更优质的数据，还有比过去“微笑拨号”时代更多的同理心。

为什么冷电话在2025年依然重要？

既然可以群发邮件或者在 LinkedIn 发私信，为什么还要打冷电话？答案很简单：冷电话依然有效，尤其是方法用对了的时候。

冷电话的独特优势：
- 即时反馈：和邮件不同，电话能立刻知道对方是感兴趣、疑惑，还是直接挂断。
- 建立信任感：声音更容易拉近距离，一个友善的声音比一封邮件更难被忽略。
- 直达决策层：57%的高管更喜欢首次通过电话被联系，而经理层只有47%。
- 主动拓展客户池：当线索枯竭时，冷电话是主动补充销售漏斗、保持业绩增长的利器。
- 实时了解客户需求：你可以现场提问、解答异议、灵活调整话术，这些都是邮件模板做不到的。

冷电话数据一览：
- 成功率：2025年冷电话平均成功率大约为 2% 到 2.3%。也就是说，每打100个电话，可能有2到3次能约到会议。
- 转化为销售：其中大约有20%最终成交。
- 接通率：32%的潜在客户会接听陌生来电，82%的买家至少偶尔会接受销售代表的会议邀请。
- 坚持才有收获：平均需要3次拨打才能联系上一个潜在客户，93%的成功对话都发生在第三次尝试之内。

如何建立高质量冷电话名单？

随便打电话给陌生人只会让你很快心累。冷电话成功的秘诀就是精准定位目标客户，也就是建立一份高质量、符合理想客户画像的名单。

为什么精准定位很重要？
- 匹配度高，转化率才高：目标客户越符合你的理想客户画像，转化率就越高。
- 节省时间：找对人，少走弯路。
- 个性化沟通：有了优质数据，你能定制话术，更容易打动对方。

Thunderbit 如何助力名单构建？

作者提到，Thunderbit 的 AI 网页爬虫可以抓取名单、邮箱、电话、地址和网站链接，不管是名录页、企业黄页，还是 PDF 文档都能处理。比如，如果你要向科技初创公司销售 HR 软件，就不必再手动搜索“旧金山 HR 经理”并逐条复制粘贴。用工具抓取名录或 LinkedIn 搜索结果，几分钟就能生成包含直线电话和邮箱的完整名单。

用 Thunderbit 抓取潜在客户的步骤：
1. 安装 Thunderbit Chrome 插件。
2. 打开目标名录页面，可以是企业名录、协会会员列表、LinkedIn 搜索结果，甚至高校教师名单。
3. 启动 Thunderbit 并使用“AI智能识别字段”，让系统自动识别姓名、公司、电话、邮箱等字段。
4. 开始抓取。对于有子页面的名录，还可以进一步抓取更详细的信息。
5. 导出并整理数据，可导出到 Excel、Google Sheets、Airtable 或 Notion，清洗名单后即可开始拨打。

作者还提醒，工具不仅能抓取联系方式，也能抓取地址、公司技术栈等信息，为电话沟通提供更多背景。

拨打冷电话前的准备要点：
- 研究潜在客户：了解公司业务和对方岗位，找到个性化切入点，例如刚获融资、发布新产品或近期发文。
- 明确目标：想清楚本次电话的主要目标是预约会议、筛选线索，还是简单自我介绍，并准备备选方案。
- 选择合适时机：研究显示，上午10点到11点、下午4点到5点是冷电话的黄金时段，周三通常效果最好，其次是周二和周四。
- 善用数据：如果事先抓取了职位、邮箱和电话等信息，就更容易定制沟通策略。"
zh_04,22_overcoming-sales-objections-40-examples-strategies-and-rebut.txt,easy,导购实战技巧：5种高效处理客户异议话术,https://www.sinostrong.com/article/3197.html,2026-04-17,text-first replacement article | Replaced the localized CRM-marketing copy with a native Chinese article on customer-objection handling and retail sales talk tracks. | Sales-objection advice is coherent and has enough pragmatic/tonal signal for comparison.,private_dataset_only_manual_review_required,source_audit=pass; qa=pass; reviewed=2026-04-17,business advice / replacement source,pass,"销售过程中常见的五种客户异议场景，提供了高效的话术技巧和改进方法，包括当客户抱怨“太贵了”时通过共情强调价值与适合性来化解抵触，当客户表示“要考虑考虑”时主动帮助解决顾虑以拉近距离，当客户询问“最低多少钱”时先讲透产品价值再谈价格避免陷入砍价循环，当客户不耐烦时用品质承诺赢取信任并化解烦躁情绪，以及在客户成交后说“谢谢”时巧妙引导转介绍以拓展商机，整体旨在通过共情引导和价值强化提升销售转化率与客户忠诚度。

一、客户说“太贵了”｜别硬杠，先共情再引导
错误话术：“一分钱一分货”（客户听了只会更抵触）
正确话术：“自古以来价格和价值都是成正比的。产品贵不贵不是最重要的，关键是合不合适您。”
小tips：说完这句话可以顺势给客户举例子，比如“像您之前说更看重产品的耐用性，我们这款刚好在材质上做了升级，能帮您减少后续维护成本，算下来反而更划算”，让客户觉得你是在帮他算账，而不是硬卖。

二、客户说“我要考虑考虑”｜别放走，主动帮他解顾虑
错误话术：“那您考虑好再联系我”（大概率就没下文了）
正确话术：“我完全理解您的顾虑，选产品就该像您这么谨慎，这才是对自己负责。不过我猜您肯定是对产品有点心动，不然也不会花时间琢磨，方便说说您主要顾虑哪方面吗？说不定我能给您更专业的建议，帮您少走弯路。”
小tips：这句话的核心是把“被动等回复”变成“主动帮客户解决问题”，很多时候客户犹豫只是怕踩坑，你主动戳破顾虑，反而能拉近距离。

三、客户问“最低多少钱”｜别直接报底价，留余地
错误做法：一上来就说“最低XX元”（客户只会觉得你还有利润空间，继续砍价）
应对话术：先强调产品价值，再谈价格。比如“您关注价格很正常，但咱们得先确认这款产品是不是真的符合您的需求。如果功能用不上，再便宜也浪费钱呀。等咱们确定需求了，我给您申请最适合的方案，保证让您觉得值。”
小tips：客户问低价其实是怕买贵了，不是真的只看价格，先把价值讲透，再谈价格才更有底气。

四、客户不耐烦的时候｜别只会说“对不起”，用品质赢信任
错误话术：“对不起，是我没说清楚”（显得你很不专业）
正确话术：“我宁愿为价格解释一阵子，也不愿意为品质道歉一辈子。”
小tips：说这句话的时候语气要坚定，让客户感受到你对产品的信心，同时可以补一句“您现在可能觉得麻烦，但等您用上产品就知道，咱们现在多花点时间确认，是为了让您后续用得省心”，化解客户的烦躁情绪。

五、客户买完说“谢谢”｜别浪费机会，做好转介绍铺垫
错误话术：“不客气，这是我应该做的”（白白错过裂变机会）
正确话术：“感谢您的认可呀！我好久没服务过像您这么爽快又大气的客户了。其实成交才是我服务的开始，后续您有任何问题随时找我，要是觉得产品不错，记得帮我多介绍几个朋友来呀。”
小tips：这句话既夸了客户，又自然引导转介绍，大部分客户愿意帮爽快的销售推荐，说不定就能带来新单子。

作者：零售专家"
zh_05,11_uncategorized-298956_html.txt,easy,如何开始销售节奏提醒？5步完整操作流程 - 纷享销客CRM,https://www.fxiaoke.com/doc/uncategorized-298956.html,2026-04-17,trafilatura | Main article body is intact and trailing site-navigation boilerplate was removed. | Business explainer is clean and structurally consistent despite being full-page length.,private_dataset_only_manual_review_required,source_audit=pass; qa=pass; reviewed=2026-04-17,business advice / CRM explainer,pass,"您是否正因销售跟进混乱、潜在商机悄然流失而苦恼？当团队各自为战，缺乏统一的客户接触策略时，业绩增长便会停滞不前。这正是引入销售节奏（Sales Cadence）的价值所在，它是一套旨在提升销售转化率与团队效率的结构化跟进框架。一个精心设计的销售节奏，能将无序的沟通变为精准的互动。本文将为您提供一个包含5个步骤的完整操作流程，指导您从零开始，建立并执行一套高效的销售节奏提醒系统，从而系统化地驱动您的销售业绩实现可预测的增长。
想象一下，您的销售团队不再凭感觉跟进客户，每一次互动都像精心编排的乐章，精准而高效。这就是销售节奏（Sales Cadence）的核心魅力。它并非简单的任务清单，而是一套为特定客户群体量身定制的、结构化的跟进序列。这个序列明确规定了在特定时间段内，通过何种渠道（如电话、邮件、社交媒体）、以何种频率联系潜在客户，直至获得回应或达成特定目标。
那么，为什么它如此关键？在一个信息爆炸的时代，没有章法的跟进等于将商机拱手让人。一个设计精良的销售节奏能彻底改变这一局面。它为销售代表提供了清晰的行动路线图，确保每一个潜在客户都能得到持续且恰当的关注，有效防止因跟进不及时或混乱而导致的商机流失。更重要的是，它将销售过程从一种“艺术”转变为一门“科学”，通过标准化流程，让团队的整体效率和业绩预测性得到质的飞跃，最终直接提升您的销售转化率和收入。
在启动任何具体的跟进动作之前，您必须先回答两个核心问题：您希望通过这次沟通达成什么？以及，您在和谁沟通？盲目地向所有潜在客户发送相同的信息，是导致销售节奏失效的常见原因。高效的销售节奏始于精准的目标设定与客户分层，这为后续所有动作提供了清晰的方向。
首先，为您的销售节奏设定一个明确、可衡量的短期目标。这个目标不一定总是“完成签约”，它可以是“成功预约一次产品演示”、“获得关键决策人的联系方式”或“引导潜在客户下载白皮书”。针对不同的销售阶段，设定不同的阶段性目标，能让您的跟进动作更具针对性。
其次，对您的潜在客户进行有效分层。并非所有线索都具有同等价值。您可以根据线索来源（如官网注册、市场活动、合作伙伴推荐）、客户画像（如公司规模、行业、职位）、以及互动行为（如是否打开邮件、点击链接）等维度，将客户划分为不同的优先级。例如，您可以将“已申请产品演示的制造业总监”划分为高价值（Tier 1）客户，而将“仅下载了行业报告的实习生”划分为待培育（Tier 3）客户。通过这种方式，您可以为不同层级的客户匹配不同强度和内容的销售节奏，将最宝贵的精力投入到最有可能转化的商机上。
明确了目标客户后，您需要为不同层级的客户设计具体的跟进“剧本”，也就是销售节奏的核心——沟通序列。这并非简单的随机联系，而是一套精心编排的、跨渠道的触点组合。一个有效的沟通序列通常会持续7到14天，包含8至12个触点。关键在于平衡频率与价值，避免过度骚扰。
您可以这样规划路径：
这个序列的设计要点在于“混合触点”，将邮件、电话、社交媒体等渠道有机结合。每一次接触都应建立在前一次的基础上，层层递进，而不是重复“您是否有时间”的无效询问。通过这种方式，您在潜在客户面前保持了持续而有价值的存在感，显著提升了获得回应的机会。
当您精心设计的销售节奏序列还停留在电子表格或便签上时，它离真正的生产力工具还有很远的距离。手动追踪每一个触点、提醒每一次跟进，不仅效率低下，而且极易出错，最终导致销售人员将大量时间耗费在繁琐的行政工作而非与客户的有效沟通上。这正是引入自动化工具的价值所在——将蓝图变为可执行、可追踪的系统。
选择合适的工具是实现销售节奏自动化的关键。一个理想的系统，尤其是像纷享销客这样的智能型CRM，应能将您设计的沟通序列无缝转化为自动化工作流。这意味着，当一个新线索进入系统或一个商机进入特定阶段时，CRM能够自动触发预设的销售节奏，为销售代表创建一系列任务，如“第一天：发送个性化邮件”、“第三天：拨打电话”、“第五天：添加LinkedIn好友”等。
在评估工具时，您需要关注几个核心能力。首先是任务自动化与提醒功能，它必须能够根据您的规则自动生成待办事项并推送到销售人员的日历或任务列表中。其次是多渠道整合能力，确保系统能支持邮件、电话、短信甚至社交媒体等多种沟通方式的记录与管理。最后，一个强大的CRM工具还应具备灵活的配置性，允许您根据不同的客户分层或市场反馈，轻松调整和优化您的销售节奏策略，而不是被僵化的软件流程所束缚。通过将重复性工作交给系统，您的团队才能真正解放出来，专注于建立客户关系和完成交易。
万事俱备，只欠东风。当您在CRM系统中设定好一切后，启动销售节奏并非简单地按下一个按钮。这更是一个关乎团队采纳与执行的“软启动”过程。初期，您需要密切关注销售团队的执行情况，确保他们理解并遵循既定的沟通序列。这不仅仅是检查任务完成率，更要深入观察他们与客户的互动质量。
一个高效的监控机制是成功的关键。利用纷享销客CRM这类智能型工具的仪表盘功能，您可以实时追踪各项关键指标：邮件的打开率、链接的点击率、电话的接通时长以及每个阶段的转化率。这些数据是您判断节奏是否有效的最直接证据。例如，若发现某个邮件模板的打开率持续低于10%，这便是一个明确的信号，提示您需要立即调整邮件主题或发送时间。通过这种方式，监控不再是滞后的审查，而是即时的、以数据驱动的校准过程，确保整个销售团队的行动始终对准最终的成单目标。
建立销售节奏并非一劳永逸，真正的威力在于持续的迭代与优化。当您的销售节奏提醒系统运行一段时间后，CRM系统会自动沉淀下海量的过程数据，这便是您优化“销售引擎”的宝贵燃料。请将数据分析视为一个固定的工作环节，而不是偶尔为之的检查。
您需要重点关注哪些指标？首先是每个触点的互动率，例如邮件的打开率、点击率和回复率；电话的接通率和有效沟通时长；社交媒体消息的阅读和回应情况。这些数据直接反映了您的沟通内容和方式是否足够吸引人。其次，要追踪每个阶段的转化率，比如从“首次联系”到“建立意向”的转化率，或是从“产品演示”到“商务谈判”的转化率。通过对比不同销售节奏下的转化数据，您可以清晰地看到哪种跟进策略效果更佳。
发现瓶颈后，就该进行A/B测试了。尝试调整邮件标题、通话脚本的开场白、跟进的间隔时间，或者改变不同沟通渠道的组合顺序。例如，将A组销售节奏的第二天设置为电话跟进，B组则改为发送一份有价值的行业白皮书，然后观察哪一组能带来更多的积极反馈。通过这种基于数据的微调，您的销售节奏会变得越来越精准、高效，最终驱动销售业绩的持续增长。
建立高效的销售节奏提醒系统，并非一蹴而就的终点，而是一个持续迭代、不断精进的动态循环。从精准定义目标、精心设计多触点序列，到选择像纷享销客这样强大的智能型CRM工具实现自动化，再到严格监控执行与深度分析数据，这五个环环相扣的步骤，是您将销售流程从混乱推向标准化的坚实路径。现在就将理论付诸实践，亲身体验纷享销客如何将复杂的销售节奏管理化繁为简，让您的团队专注于建立客户关系，而非被跟进提醒所累，从而真正驱动业务增长。
您可以将销售漏斗想象成一张描绘客户从认知到成交的“地图”，它展示了客户所处的不同阶段（如线索、意向、商机）。而销售节奏则是您为了引导客户走完这张地图而制定的“行动指南”。它是一系列具体的、有计划的跟进动作，比如在第一天发送邮件，第三天拨打电话，第七天通过社交媒体互动。简而言之，销售漏斗是“客户在哪里”，而销售节奏是“我们该做什么”来推动客户进入下一阶段。
答案是肯定的，而且非常有必要。不同行业的决策链、采购周期和沟通偏好差异巨大。例如，针对快消品行业的客户，一个短平快的销售节奏可能更有效；而对于需要多部门审批的大型制造业客户，则需要一个周期更长、触点更多元、内容更具深度的跟进序列。成功的关键在于对客户画像进行精准分层，为每一类客户量身定制最合适的沟通频率与方式，避免用一套模板应对所有情况。
不建议立即中断。客户未回应的原因有很多，可能只是时机不合适或信息未被注意到。此时，您可以适当调整销售节奏的策略，而不是完全放弃。例如，尝试更换沟通渠道（从邮件切换到电话），或者调整信息内容，提供一些新的价值点或案例。如果经过多次不同方式的尝试后依然没有回音，可以暂时将该客户移入“低优先级”或“长期培育”的序列中，而不是直接删除，等待未来合适的时机再次激活。"
zh_06,06_mzc002007knmh3g_html.txt,easy,三体,https://movie.sogou.com/teleplay/orswyzlqnrqxsxzxgq4tenrvbhep3thf.html,2026-04-17,"replacement drama listing synopsis (single-source, cleaned) | The original Tencent Video link is unusable, so this now uses a single-source Sogou TV listing for the 2023 `三体` drama with cast, staff, and a natural synopsis. | Single-source drama synopsis with cast, staff, and proper-noun-heavy plot framing.",private_dataset_only_manual_review_required,source_audit=pass; qa=pass; reviewed=2026-04-17,entertainment summary / replacement source,pass,"2023 / 中国大陆 / 剧情 科幻

主演：张鲁一、于和伟、陈瑾、王子文、林永健、李小冉、王传君

导演：杨磊

剧情简介：
21世纪初，地球基础科学遭到前所未有的动摇，许多科学家绝望疯狂，自杀身亡。风暴即将到来的前夕，许多敏感的人隐隐嗅到毁灭的气息。这一天，纳米科学家汪淼被粗鲁的警官史强请到联合作战中心，继而得知科学家们的死亡似乎和一个名为“科学边界（ETO）”的组织有关。作战中心希望汪淼潜入该组织，调查他们与死亡科学家乃至一款神秘游戏《三体》的关联。眼前不断倒计时的数字，ETO负责人申玉菲所预测的宇宙闪烁，以及《三体》中那不断毁灭又重生的文明，都令汪淼和大史深感困惑与好奇。而看似平凡的老年科学家叶文洁，她的出现又将一切引向数光年外的未知……

主要演职人员：
杨磊 导演
张鲁一 饰 汪淼
于和伟 饰 史强
陈瑾 饰 老年叶文洁
王子文 饰 青年叶文洁
林永健 饰 常伟思
李小冉 饰 申玉菲"
zh_07,27_hongmao_lantu_qixiazhuan.txt,easy,虹猫蓝兔七侠传 - 维基百科，自由的百科全书,https://zh.wikipedia.org/wiki/虹猫蓝兔七侠传,2026-04-17,"single-source Wikipedia lead extraction (cleaned) | Single-source series summary with proper nouns, genre framing, and a clear premise for `zh_07`. | Short franchise summary, but still coherent and adequate for the intended easy summary slot.",private_dataset_only_manual_review_required,source_audit=pass; qa=pass; reviewed=2026-04-17,entertainment summary / franchise summary,pass,"《虹猫蓝兔七侠传》是一部由湖南宏梦卡通集团制作的动画作品，也是中国大陆第一部武侠动画；该作于2006年9月5日在中国中央电视台少儿频道首播。《虹猫蓝兔七侠传》动画共108集，每集15分钟左右，故事始于公元397年的张家界，主要讲述了以虹猫蓝兔等为主的七位侠士与坏人魔教教主斗争的侠义故事，展现了中国的侠义精神与团队合作精神。获优秀国产动画片一等奖但存在争议，曾夺得“电视动画大奖”。

作品中的“七剑传人”包括虹猫、蓝兔、莎丽、逗逗、大奔、跳跳和达达，分别对应长虹剑、冰魄剑、紫云剑、雨花剑、奔雷剑、青光剑和旋风剑。与之对立的魔教一方则有教主黑心虎、少主黑小虎和副教主马三娘等主要角色，构成了整部作品最核心的正邪冲突。"
zh_08,21_BLG026-ru-he-zhuan-xie-dui-hua-bao-kuo-ge-shi-li_html.txt,easy,巧设提示语，写好人物对话,https://www.ctdsb.net/c1723_202308/1852682.html,2026-04-17,"text-first replacement article | The original TwelvePoint link is broken, so this uses a replacement text-first dialogue-writing article; clean and usable for the slot. | Dialogue-writing advice article is clean and compact, with concrete examples.",private_dataset_only_manual_review_required,source_audit=pass; qa=pass; reviewed=2026-04-17,writing advice / replacement source,pass,"导语：故事里的对话，有推动情节发展、展现人物心理活动、塑造人物形象等作用。怎样教小学生写好对话？笔者在此与大家分享三个小妙招。

第一招 提示语中少用“说”

写对话总少不了提示语。提示语是对人物说话时的表现进行记叙、描写，它的常见形式是在所说的话前面加一个“××说”。

写提示语不能只用“说”，还可以用一些表示“说”的词语，比如“激动地喊道”“反问”“怒吼”等；也可以直接在语言前面加上表示神态和动作的词语，比如“他皱了皱眉”“他哽咽了”等，不仅不会显得突兀，还会更生动。

第二招 给提示语“加点料”

读一读下面两句话，你最喜欢哪一句：

1. 王宏说：“老师真是的，竟然给我判了不及格。”

2. 王宏苦着脸捶了一下桌子：“老师真是的，竟然给我判了不及格。”

大部分学生都表示，第二句写得好，因为这句话通过神态、动作等描写把王宏既难过又气愤的心情写出来了。在所说的话前面加上说话者的动作、神态、心情等细节描写，就是把“说”写具体。写的时候，要考虑说话人的年龄、身份等不同特点，并根据所说的话斟酌用词。

第三招 换换提示语的位置

提示语出现在对话的不同位置，可以让对话形式更多样，增强文章的表现力。

比起统一将提示语放在前面，变换提示语的位置，能够使文章读起来更活泼，可读性也更强。需要注意的是，当提示语的位置发生变化时，标点符号也会发生相应的变化。

作者署名：
湖北省襄阳市老河口市实验小学 朱光明
湖北省襄阳市老河口市付家寨小学 高建云"
zh_09,23_page_htm.txt,easy,八年级写作课：故事创作的乐趣与技巧,https://www.daowen.com/kejian/3209047.html,2026-04-17,replacement writing-advice article extraction (cleaned) | Replaced the damaged lecture recap with a cleaner beginner-facing writing lesson on story creation; the prose is now on-family and readable. | Replacement writing-advice article is clean and no longer suffers from layout damage.,private_dataset_only_manual_review_required,source_audit=pass; qa=pass; reviewed=2026-04-17,writing advice / conceptual craft explainer,pass,"在我们的生活中，故事无处不在。故事不仅是编织情感的纽带，也是传递思想与文化的载体。从古老的民间传说到现代的小说，故事以其独特的方式影响着我们的思维方式和人生观。特别是对于八年级的学生来说，这正是激发创作灵感的重要阶段，他们在阅历上逐渐丰富，心中渴望表达自我的热情愈发高涨。

学生的写作背景：
八年级的学生已初步掌握了基本的文学作品分析能力，许多人心底其实早已埋下了创作的种子。他们不仅能欣赏故事中丰满的人物形象和曲折的情节，更渴望用自己的笔记录心中的奇思妙想。这一时期，给学生提供一些写作指导，显得尤为重要。在课堂上教授创作故事的技巧，将会激励他们主动探索文学的世界。

写作设计理念：
1. 培养兴趣和自信：通过有趣的故事创作练习，提升学生的写作信心，并培养他们对写作的持续兴趣。
2. 情节构建：鼓励学生运用想象和联想，创作出情节紧凑、人物鲜明的故事。
3. 设置悬念：教会学生在故事中巧妙安排波澜，增强情节的跌宕起伏，使读者始终保持紧张感。

课程步骤：
导入环节
我们可以从著名作家如杰克·伦敦的名言入手：“好故事是一扇窗，让你看到另一个世界。”在这样一个充满故事、等待讲述的世界中，我们每个人都是故事的创造者。今天，我们将探索如何创作属于自己的精彩故事。

故事分析与讨论
通过经典故事的分享，如《狼》和《猎狮》，引导学生讨论这些故事吸引人的原因。结合学生讨论，我们总结出故事情节的基本要素：愿望、波澜和结局。

技巧讲解
在讨论中，我们进一步分析如何通过不同的手法设置悬念和波澜：
1. 层层深入：通过不断加大的冲突和悬念来吸引读者。
2. 意外反转：让情节在读者意想不到的地方产生逆转，保持紧张感。
3. 构建障碍：展示主角在实现目标过程中的奋斗和挑战，使愿望的达成更具意义。
4. 巧设误会：制造误会以增添戏剧性，使故事更加生动有趣。

创作练习
我们将进行写作练习：以《________的故事》为题，鼓励大家从身边的小事出发，挖掘它们背后的故事。让学生为故事设定一个主人公，赋予他一个愿望，并设计多重波澜，激发他们的想象力。

故事分享与点评
在课堂最后，学生展示自己创作的故事，其他同学和老师进行点评。这样的分享不仅能够增强自信，更激发他们相互学习的兴趣。

总结
写故事不仅是语言的表达，更是情感的抒发和思想的传递。通过故事的创作，学生们能够更深入地理解文字的力量，以及如何将自己的生活经验转化为有趣的故事。相信在这样的课堂中，每个孩子都能找到属于自己的声音，书写出动人的篇章。"
zh_10,01_15078370_html.txt,easy,自我介绍(3篇),https://www.diyifanwen.com/zuowen/youxiuzuowenfanwen/1511211747238729277874.htm,2026-04-17,"BeautifulSoup article-body extraction (gb2312 decoded, cleaned) | Replaced the template-heavy dump with a compact three-sample self-introduction page; the text now matches the intended easy learner-style slot. | Compact self-introduction samples; clean learner-style prose with enough signal for accuracy and naturalness.",private_dataset_only_manual_review_required,source_audit=pass; qa=pass; reviewed=2026-04-17,language_learning / self-introduction samples,pass,"自我介绍

我叫蒋丞甫，今年12岁，出生于美国旧金山，家乡是中国台湾。

我来中国已经有5年了，在这5年里有4年在上国际学校，所以我的汉语不怎么好，因此妈妈把我送进了作文班。

我的生活状况不太稳定，因为我们家会随着爸爸的工作变化而变动，从美国到中国台湾，中国台湾回美国，美国再到上海，上海再来北京……不知明年去哪呢！

在中国我去了一些旅游景点如：杭州西湖，西安兵马俑，北京长城，上海东方明珠等等。我印象最深的就是西安兵马俑，因为它规模很大，而且历史非常久，还能保存得这么完美，真是奇迹呀！

来中国之前，我本以为中国的空气会比美国和中国台湾好，但我发现空气没那么好的原因是因为中国的车子排污系统没有像美国和中国台湾的好，造成环境严重污染！

我的英语从2岁开始学的，妈妈总是对我说，我的英语好是应该的，毕竟我是生在美国的。我还有一个特长就是会演奏“音乐王子”小提琴，我最喜欢的一首曲子就是巴哈的《小步舞曲》，改天有空拉给大家听吧！

这就是我，一个美国，哦不，一个中国台湾，哦不，一个上海，哦不，一个北京，哦不，我也不知道我是来自哪边的男孩子了！反正这就是我，一个来自地球的男孩！

北京市朝阳区酒仙桥第二小学六年级 蒋丞甫

自我介绍

我叫芊芊，“芊”字是形容生命力顽强、草木茂盛的样子，取自《论语》中“郁郁芊芊”这句话，可能是我的爸爸妈妈希望我能像小草那样茁壮成长，不怕任何风雨吧。今年我将迎来我的第九个儿童节。

每天一早，我总是在镜子前，拿着我的小梳子梳个小分头，有时还会湿点水，这时爸爸妈妈总会取笑我是个“小妖精”。哼，“爱美之心人皆有之”嘛！看着镜子中我的脸白净净的，眼睛虽小点，但可有精神了，唯一美中不足的就是鼻子有点塌。人家都说嘴唇薄的人能说会道，一点没错，可过去我却总把它用得不是时候，在课堂自由发挥了，为此老师常对我投来不满的目光，爸爸妈妈为此也经常责备我，但现在的我已经改掉这个坏习惯啦！而且我也充分发挥了能说会道的优点，去年我还参加过学校的“故事大王”比赛，荣获三等奖呢！

我很爱笑，在任何时候我都能笑得开心，笑得痛快，笑得无所顾忌。由于我爽朗的大嗓门儿，所以我的笑声没有别的女孩子银铃般清脆，真可谓笑得惊天动地。妈妈经常要我注意个人形象，小声一点，保持可爱小女生模样，可我总是控制不了，哈哈！

说到这，你可别以为我是一个爱傻笑的女孩子。其实，我安静的时候也很可爱的。我从小就喜爱看书，爸爸妈妈也支持我，在我四岁的时候就给我订了《婴儿画报》，据说我当时看得还挺认真的呢！在我放假的时候妈妈还经常带我去新华书店，现在我的书柜里摆满了书，有了这些图书陪伴我，让我得到了知识的滋润，也使我的课外生活更加丰富多彩。

总而言之，我对我自己还是很满意的，一个大大咧咧、朴朴实实、开朗外向的活泼小女孩儿！

自我介绍

我叫陈惠雅，今年9岁。我家一共有5口人，爷爷、奶奶、爸爸、妈妈和我。我的名字是爷爷起的，他希望我聪明伶俐。

爷爷、奶奶和爸爸开工厂，爸爸每天早出晚归，妈妈在家上班，她的工作是给车子过磅。妈妈工作很辛苦，她每天接送我上学和放学。

我在双语小学三3班上学，我是个活泼、开朗、惹人喜爱的小女孩。

你看，我家过得多幸福啊。

江苏省滨海县双语小学三年级 陈惠雅"
zh_11,12_about.txt,easy,关于我,https://www.jianggujin.com/about,2026-04-17,trafilatura | Matches the linked personal about page and reads as the intended lightweight profile text. | Personal profile essay is clean and fits the reflective easy-prose role.,private_dataset_only_manual_review_required,source_audit=pass; qa=pass; reviewed=2026-04-17,profile / blog-style prose,pass,"欢迎来到我的个人博客，我是蒋固金，一名拥有多年软件开发经验的全栈工程师。在这里，我将分享我的技术探索、实践经验以及对新技术的见解。我的目标是为技术爱好者和同行提供一个交流和学习的平台，共同促进彼此的成长。
自大学毕业后，我就投身于软件开发行业，从基础的编程语言学习到复杂的系统架构设计，我经历了从初级工程师到全栈工程师的转变。在这些年的工作中，积累了丰富的项目经验，涉及后端服务、前端开发、移动端开发、系统运维等多个领域。
写作一直是我记录学习和工作心得的重要方式。我曾在51cto、CSDN、云栖社区等平台发表过技术文章，这些文章不仅记录了我的成长轨迹，也帮助了许多同行解决了实际问题。然而，随着工作和个人事务的增多，我发现自己在写作和分享上有所懈怠。
最近，我花了一些时间反思自己的职业发展和个人成长。我意识到，持续学习和分享是技术人不断进步的重要途径。因此，我决定建立一个私域的博客网站，这不仅是一个记录和分享个人技术心得的空间，更是一个寻找志同道合朋友，共同学习和进步的平台。
在我的博客中，将主要包含以下几类内容：
很荣幸受史梦安老师的邀请，参与编写高等学校计算机类专业系列教材《Android应用开发》一书。在该书中担任副主编，完成第13章内容的编写及全书代码统稿审核工作。
我非常欢迎读者在我的博客上留言，无论是对文章内容的讨论，还是对技术问题的探讨，我都将尽力回复，大家也可以通过主页上的联系方式与我交流。
技术之路永无止境，我希望通过这个博客，能够与更多的技术爱好者一起，不断学习，不断进步。如果你对我的分享感兴趣，欢迎关注我的博客，让我们一起在技术的海洋中遨游。"
zh_12,28_wo_yao_huahua_zhengqian.txt,easy,生活随笔：我要画画挣钱_作文1500字_初中叙事作文_第一范文网,https://www.diyifanwen.com/zuowen/xieshi/czsszw/1511211654107508193827.htm,2026-04-17,"BeautifulSoup article-body extraction (gb2312 decoded, cleaned excerpt) | Concrete first-person school-life narrative with everyday vocabulary; suitable for the flexible easy reserve slot. | Easy narrative essay is coherent and gives stable signal on tone and naturalness.",private_dataset_only_manual_review_required,source_audit=pass; qa=pass; reviewed=2026-04-17,easy narrative / student-life prose,pass,"受朋友的启发，我为了鼓励怡岚在画画上有自己的新思路、鼓励她开始自己的原创画，我和她约定一张原创画5块钱，如果上色6块钱，她开始没怎么在意，对钱也没有太多的感觉，因为她总认为自己手里有钱，可是最近却发生了不小的变化。

因为常常看电子书，怡岚的手机欠费了。那天她拿出200块钱要去充值，我见她拿这么多钱以为她还有其他用处，便问她这些钱都充值。她轻描淡写地说是啊，我以为自己听错了，又问了一遍，她说没错，都是充值的。既然决定都拿去充值，我也就没再说什么，反正会有机会给她上“小课”的。买回充值卡，怡岚充进100块，我问她现在是多少钱，我知道肯定不会是充100就是100，但结果还是让我很吃惊：还有30。买也买了，充也充了，我依旧没有说什么。

自从怡岚开始自己放学回家以后，她买书的钱花得很多。动漫书有很多种，怡岚是见到新出来的就会买。我和怡岚是一个学校，也跟梢过几次，她走到报亭前见到新的就掏钱，没一点犹豫，拿到手里就迫不及待地一边走一边看，回到家还继续看。

怡岚班集体注册QQ后便有些着迷，电脑上、手机上，和悯馨一起去榆木家，榆木妈让怡岚倒茶她也没听进去。看到这儿，榆木妈开始说话了。榆木妈说：“你聊天我不反对，你聊多久我也不反对，但是手机没钱了你自己要想办法去挣，你手里的大票不许再动。如果我允许你这样继续下去，就会养成你不劳而获的习惯，再说那些钱也不是你通过自己的双手挣来的。”怡岚一听有些急，放下手机急忙问那我怎么挣钱啊？我插嘴说方法有很多，画画也行，你穿过的那些旧衣服拿出去卖也行，我还可以给你批些小玩意儿拿出去卖，就看你自己做不做了。最终怡岚还是选择了画画。

前两天因为早上我去找榆木超时，便给管家打电话让他先乘姐姐去上学。为了不迟到，我和榆木决定打车走。下午4点放学回来顺路去榆木家，我让怡岚还钱，怡岚正在写作业，一听就哭了。她说她攒了就有50块钱，给了我她就没剩多少，榆木妈也说：“你要为你自己的行为负责任，你和雯茹姐姐以前说好的：因为你超时的打车钱由你来出，这不能悔改。”那天怡岚在我外祖父家吃的晚饭，回来后就给我拿出两张画让我买。原来她在外祖父家就开始了行动，这样自己的损失就会少些。"
zh_13,14_c_html.txt,hard,商务部：希望美方客观理性看待中美第一阶段经贸协议实施问题-新华网,https://www.news.cn/fortune/20260225/f0e791045bca4f82ae75105ac10ab605/c.html,2026-04-17,"manual reconstruction from source article | Clean Xinhua hard-news article with policy terms and named entities. | Hard news item is clean and precise, with named entities and policy framing.",private_dataset_only_manual_review_required,source_audit=pass; qa=pass; reviewed=2026-04-17,hard news / trade-policy reporting,pass,"商务部：希望美方客观理性看待中美第一阶段经贸协议实施问题

新华社北京2月25日电（记者谢希瑶、何晓）商务部新闻发言人25日表示，中方希望美方客观、理性看待中美第一阶段经贸协议的实施问题，不要“甩锅推责”，更不要借机“生事”“挑事”。如果美方执意推进相关调查，甚至以调查为由出台关税等限制性措施，中方将采取一切必要措施，坚决捍卫自身合法权益。

有记者问：近日，美国贸易代表格里尔表示，将继续推进对中国履行中美第一阶段经贸协议情况301调查，并可能采取关税措施。中方对此有何评论？商务部新闻发言人对此作出上述回应。

发言人说，中方注意到美方有关言论。中美第一阶段经贸协议2020年初生效后，中方秉持契约精神，努力克服突如其来的疫情冲击及随之而来的供应链受阻、全球经济衰退等多重不利因素影响，认真履行协议义务，在加强知识产权保护、推动金融和农产品市场开放等方面已如期完成协议承诺，在扩大贸易合作方面也已充分履约。反观美方，对华加严出口管制、限制双向投资，持续升级经贸及其他领域打压限制措施，阻碍双边正常贸易和投资活动，违反协议精神，破坏协议执行的氛围与条件。有关是非曲直，中方已在2025年4月9日发布的《关于中美经贸关系若干问题的中方立场》白皮书中进行了全面、详细的阐述。

发言人表示，去年以来，中美双方先后举行5轮经贸磋商，取得一系列重要成果，就延长对等关税暂停期、农产品贸易、出口管制、减少投资限制等达成多项共识。在此过程中，双方就中美第一阶段经贸协议也进行了多次沟通。中方希望美方客观、理性看待第一阶段协议的实施问题，不要“甩锅推责”，更不要借机“生事”“挑事”。中方愿与美方一道，以两国元首重要共识为指引，用好中美经贸磋商机制，着眼未来，聚焦落实双方现有经贸共识成果，积极挖掘双方利益契合点，共同“向前看”。如果美方执意推进相关调查，甚至以调查为由出台关税等限制性措施，中方将采取一切必要措施，坚决捍卫自身合法权益。"
zh_14,29_bali_island_feature.txt,hard,特写：在南纬8度感受旅游业复苏的春天——中国国内赴巴厘岛包机游直击-新华网,https://www.news.cn/world/2023-02/18/c_1129376752.htm,2026-04-17,"Xinhua article extraction (cleaned) | Xinhua feature with quotations, named entities, and straightforward newsroom framing for the missing hard news/feature slot. | Travel feature is clean and contains quotative and descriptive prose.",private_dataset_only_manual_review_required,source_audit=pass; qa=pass; reviewed=2026-04-17,news feature / tourism reporting,pass,"美好的旅程即将结束，乘坐印尼狮航包机的210名中国游客18日23点25分将从印尼巴厘岛启程返回深圳。这是中国游客今年以来第四次从深圳到巴厘岛往返包机直飞。

七天前落地巴厘岛机场时，穿印尼特色服饰的机场工作人员为每位中国游客戴上鲜艳的迎宾花环，当地导游在旅游大巴上用普通话向游客们热情介绍巴厘岛风光。

导游皮可是第四代印尼华人。“欢迎大家来到巴厘岛！”皮可一边介绍巴厘岛，一边分享自己在疫情期间的经历。他说：“之前巴厘岛旅游业最萧条的时候，游客屈指可数，很多商店和餐厅关闭、酒店难以经营，我也换了几份工作，甚至去了亚洲其他国家寻找工作机会。前段时间一看到恢复苗头，我就又回到了热爱的老本行。”

“我和巴厘岛满大街的中餐馆一样想念大家！”到了吃午饭的时间，皮可和游客们互动着说，“来巴厘岛的中国游客消费能力强，我和中国游客沟通起来很顺畅。现在中国游客越来越注重旅游体验，除了购物，也会认真了解当地文化并用社交媒体把巴厘岛的美食、美景分享给更多人。”

新冠疫情暴发前，中国是印尼境外游客的主要来源地之一。印尼中央统计局数据显示，2019年到访印尼的中国游客达207万人次。

1月22日，巴厘岛迎来今年首架中国游客包机。杭州等国内多个城市飞往巴厘岛的航班也陆续开通，中国游客赴巴厘岛旅游正有序恢复。

旅行团领队秦川已经三年没有出境了，他和游客们一样神情激动。“巴厘岛可谓举世闻名，旅游资源丰富多元，其独特的自然风光和人文景观吸引着中国游客，而且离中国不远，也没有时差。”秦川说。

秦川和另外四名同事带领的包机游旅行团在巴厘岛有一周的行程。两百多名游客中，既有来巴厘岛“蜜月游”“家庭游”的，也有单独一人或和好友组队一同前来的。游览项目包括巴厘岛多个知名景点，体验项目有巴厘岛按摩、潜水、登山等。

来自长春的宋女士和女儿一起出行。她说：“很久没出国看看了，之前只在电视上看过巴厘岛美景，来了之后发现这里的各种旅游服务都很贴心周到。”

部分游客下榻的酒店位于巴厘岛最热闹的库塔海滩附近。酒店服务员费克里忙着给中国游客解答酒店设施问题。“再次看到这么多中国面孔，还是那么亲切。”

从酒店往海滩走去，沿途带有中文招牌的餐馆、店铺随处可见。兜售零食、饮料和墨镜等杂货的小商贩在海滩上卖力地向游客推销，此起彼伏的吆喝声中时而夹杂着一些不太标准的中文。

巴厘岛人普图在海滩上兜售杂货。他对记者说：“我发现过去一个多月以来中国游客越来越多了。我前段时间学了几句中文，现在正好派上用场。”

游客们在伦邦岸岛知名景点“恶魔的眼泪”游览时，突然下起大雨。伦邦岸岛所在的克隆孔地区旅游从业人员冒雨赶到，为中国游客献上鲜花，欢迎他们的到来。

七天的游览一晃而过，秦川和同事们已经开始憧憬下一次巴厘岛之行。秦川说：“我们都真切感受到了巴厘岛旅游业复苏的春天。”"
zh_15,24_79258.txt,hard,《新月同行》官网网站-烛薪网络,https://xytx.firewick.net/new/79258,2026-04-17,"trafilatura | Clean `新月同行` update notice with release-note structure, named entities, and system/event details. | Game update notice is coherent and tests technical precision, named entities, and list handling.",private_dataset_only_manual_review_required,source_audit=pass; qa=pass; reviewed=2026-04-17,games news / official announcement,pass,"2025年7月24日07:00-2025年7月24日12:00
*维护更新时间可能会随实际情况调整，请关注官方公告。
维护补偿：超相尘×300，中号稳定合剂×1
补偿范围：
2025年7月24日07:00更新前所有注册并进入序章的组长。
【版本全新内容】
1.新增特工
6星限定特工【雨人】强攻型·信相
6星特工【雅努斯】辅助型·正相
2.新增限时活动
「错航成旅」主题活动，「天行雨中·雨人」，「掷地有生·雅努斯」，「装束热线·鹿游/饮火」，「装束热线·巧手」，「精准联络」，「错航成旅·上」，「错航成旅·下」，「持伞而来」，「校准范式」，「血橙与餐厅」，「码头八点半」，「缤纷纪念卡」，「芬橙馈运」，「装束8折券」，「特备后勤」，「聋寂管控塔」，「今日南廷」，「列车长的见面礼」。
*详情可前往「错航成旅」1.3版本内容一览公告查阅。
3.新增系统
特工校准系统
校准资源获取途径：周常任务、拘束塔扫荡、蓝色站台、险境复现·周期巡回、特定贸易区。
*部分新增校准资源将于7月28日刷新，刷新前的校准资源将在维护后通过邮件补发。
4.资源筹备车厢更新
象征车厢：「象征车厢·约束型」
卡带车厢：「苦味喷剂车厢」
5.采购中心更新
特定贸易区
*特定贸易区的商品类型将随后续版本更新增加。
6.新增装束
鹿游·海醺夕色，饮火·直鳍而驱，巧手·安妮魔术号，可通过「装束橱窗」购买；
鸣霜·浪间飞行家，可通过参与「缤纷纪念卡」免费获得。
繁夏·夏日芭菲，可通过新一期「进阶组长手册」达到15级后获得。
7.采购中心上新
上架商品：「天行雨中·联络配送包」，「天行雨中·资金配送包」，「掷地有生·联络配送包」，「掷地有生·资金配送包」，「每周校准快件」，「卡带打印箱补给速递」，「长曦乐园·探索驻地」，「奇迹路口·探索驻地」，「落日微醺·特惠资金速配」，「沉落魔术·特惠资金速配」，「龙舌兰·月度专送合辑」，「正系辅助演练速递」，「信系强攻演练速递」，「精准联络·联络专线」，「精准联络·新月增员」，「执伞清算·支援配送包」，「执伞清算·超值增员速配」，「执伞清算·超值实训速配」，「执伞清算·超值综合速配」，「即刻转向·支援配送包」，「即刻转向·超值增员速配」，「即刻转向·超值实训速配」，「即刻转向·超值综合速配」，「收债人·增员速配」，「收债人·增员配送包」。
8.第八期组长手册
组长可通过购买「进阶组长手册」，达到对应等级后可额外获得超相尘、养成资源等奖励；
购买「扩展进阶组长手册」可立即提升10级手册等级，并获得限定道具。
*具体奖励内容可通过游戏内「组长手册」处查看。
9.档案室更新
「档案室-昨日余音」音乐更新。
【调整说明】
特工【饮火】，【巧手】7月24日更新后加入「常驻邀请」。
【修复内容】
· 修复部分界面文案描述错误的问题；
· 修复部分界面显示异常的问题。
《新月同行》团队"
zh_16,15_c_html.txt,hard,列国鉴丨记者观察：卢浮宫被劫，只是疏忽？-新华网,https://www.news.cn/world/20260416/812f760d00f942628c0eef6418b4bf4e/c.html,2026-04-17,trafilatura | Clean Xinhua feature-style reporting with institutional detail and denser exposition. | Feature-style news writing is coherent and gives clear signal on precision and structure.,private_dataset_only_manual_review_required,source_audit=pass; qa=pass; reviewed=2026-04-17,news feature / international reporting,pass,"新华社巴黎4月16日电（记者张百慧）2026年2月下旬，克里斯托夫·勒里博接替洛朗丝·德卡尔，成为法国卢浮宫博物馆新任馆长。勒里博将推进卢浮宫安保系统的升级和现代化改造计划，查补2025年10月劫案暴露出的漏洞。
劫案后发布的官方调查发现，卢浮宫“不差钱”，只是把更多资源花在了购买藏品等事务上，并“优先考虑高调、吸睛的项目”，安保系统等关键基础设施长期滞后，资源分配失衡导致重大管理疏漏。再往里深究，法国对国立博物馆制度进行“放权”改革后，监管机制未能有效发挥对馆方决策的制衡作用，为后来的祸患埋下伏笔。
2024年9月22日，位于法国巴黎的卢浮宫附近人头攒动。新华社记者高静摄
安保滞后 设施老化
2025年10月19日上午，4名蒙面人来到卢浮宫外，分工配合操作升降装置，从建筑物外部阳台潜入室内，数分钟内抢走9件珠宝。这起劫案在众目睽睽之下发生，安保设施和工作人员形同虚设，暴露这座顶尖博物馆安全管理之混乱，引发公众担忧。
法国审计法院在劫案发生后发布一份关于卢浮宫2018年至2024年运营管理问题的审计报告，揭露了卢浮宫基础设施“加速老化”，设施升级投资“严重滞后”，保护藏品安全的措施部署持续拖延。
早在2004年，卢浮宫就开始制定一项预算为8300万欧元的消防安全总体规划方案，但截至2024年，卢浮宫就该方案投入仅约300万欧元。展厅监控设备覆盖率低且改进缓慢：截至2024年，卢浮宫仅39%的展厅安装了监控摄像头。其中，展出《蒙娜丽莎》等名画、参观人数最多的德农馆内，仅62%的展厅安有摄像头，较5年前仅提升11个百分点。
这些漏洞其实早有预警。2017年，官方审计报告就已指出安保问题并提出整改建议，但未得到重视。劫案发生后，卢浮宫博物馆时任馆长德卡尔在法国参议院听证会上承认安保设施陈旧等问题，但辩称整改迟缓源于卢浮宫管理体系及安全规划的复杂性。她曾在2025年1月致信文化部，陈述卢浮宫囿于“资源不足”而设施破旧，请求国家财政支持。法国总统马克龙随后宣布启动投资近8亿欧元、工期逾10年的“卢浮宫新复兴”计划，升级并现代化改造卢浮宫安保系统。
其实，卢浮宫并不差钱。以2024年度为例，卢浮宫运营预算超过3.23亿欧元，其中2.38亿欧元属于自有收入。“钱花哪儿了”成为问题关键。卢浮宫在审计期内累计从自有资金中拨出1.05亿欧元用于收购新藏品，投入6350万欧元用于展陈设施更新，而历史建筑修复等项目的合计费用甚至比不上收购艺术品这一项费用。
2022年5月11日，人们在法国巴黎卢浮宫参观达芬奇名画——《蒙娜丽莎》。新华社记者高静摄
资源错配 制衡失灵
审计法院院长皮埃尔·莫斯科维奇指出，卢浮宫的问题不在于“资源匮乏”，而在于目标方向偏差：博物馆管理层以牺牲基础设施维护与安全保障为代价，“优先考虑高调、吸睛的项目”，最终危及卢浮宫长期生存，近期劫案已经敲响警钟。
追根溯源，卢浮宫发生窃案，并非一时失误，而是由制度变革、业绩压力与监管失效共同造成的困境。
2004年，法国文化部推动国立博物馆改革，以“增强大型国立博物馆自主性”。卢浮宫、凡尔赛宫等国立博物馆在改革后获得更大的行政、财务自主权，无需上缴门票收入；另一方面，政府拨款大幅削减，博物馆需自行筹备文物购置费用。
卢浮宫所获国家拨款在博物馆年度预算中的占比从2000年的73%降至2024年的33%左右，不得不采取多重“开源”举措，如提高门票价格、发展场馆租赁等。“财务独立”提升了卢浮宫等国立博物馆的财务韧性，也系统性改变了其激励机制：当创收成为生存前提，收购“国宝级”珍品等能够增强公众吸引力、刺激收入增长的项目愈发获得资源倾斜，也渐渐变成衡量博物馆业绩的标志。
在审计报告覆盖的2018年至2024年期间，卢浮宫新增620件有偿收购藏品，总计花费1.45亿欧元。2024年3月，卢浮宫董事会通过了一项允许将捐赠资金收益用于藏品收购的决议，进一步固化了“收购藏品优先”的资源配置策略。
理论上，现有监管机制本应为扩张冲动踩下刹车，现实却是“多重失灵”。法国文化部负责监督卢浮宫的人员只是一名初级公务员，难以制衡卢浮宫领导层；卢浮宫内部设立的投资委员会也未切实履行审议财务支出等基本职能，极少向卢浮宫董事会汇报工作。
监管制度空转不可避免为资源错配埋下伏笔，收购支出非理性膨胀日益侵蚀基础设施维护等基本支出。有关法令规定卢浮宫需将收入的20%用于购置藏品，门票收益又是收入核心来源之一，这无形中强化了“高客流—高收入—高收购”的循环逻辑，而年均900万人次的客流量加速了建筑物的损耗。
2025年10月22日，安保人员在法国巴黎卢浮宫博物馆外巡逻。新华社记者张百慧摄
多重使命 孰轻孰重
关于审计报告指出的“推行耗资巨大的收购政策、优先奢侈而无意义的开支、为翻新空间而牺牲安保投入”等弊端，德卡尔在参议院听证会中反驳称，她收到的委任书明确阐述丰富国家藏品的使命，未把安全议题“列为优先事项”。
法国中间派国民议会议员安妮·热纳泰也为卢浮宫辩解，称全球市场竞争激烈，持续收购艺术品是卢浮宫维持“世界顶级博物馆地位”的必要举措。
国立博物馆职责该如何排序？国际博物馆协会法国分会主席埃米莉·吉拉尔指出，根据国际博协对博物馆的最新定义，博物馆作为服务社会的永久性非营利机构，其核心使命是“保护”而非“盈利”。
目前，全法约有1200家博物馆获得文化部颁发的“法国博物馆”认证，意味着其接受国家政策指导并享有科研、文化项目资助资格，其中82%归于地方政府管辖。各级政府是否为博物馆提供充足资源很大程度上决定博物馆能否全面履职。吉拉尔认为，卢浮宫面临的一系列问题反映出其“使命撕裂”困境：既要展示藏品，又要做好文物保护；既要履行职能，又要应对各级政府削减文化预算。
巴黎第一大学兼职教授让-米歇尔·托贝伦认为，卢浮宫等国立博物馆财务稳健毋庸置疑，真正威胁博物馆的是博物馆与公共政策的融合不足，导致博物馆发展“战略短视”。卢浮宫等少数大型博物馆吸引海量客流的同时，法国其他博物馆却门庭冷落，这种整体性失衡问题需要通过馆际资源整合、增强受众黏性等系统性方式解决。因而，无论国立还是地方博物馆，都需要重新明确使命、规划战略。
关于博物馆使命“孰轻孰重”的争论或许一时难分胜负，但业内对“底线”的共识正在凝聚：安保预算不仅是强制性支出，更关乎博物馆信誉。博物馆能否获得借展信任、吸引藏品捐赠、维持国际声誉，最终都取决于其保护艺术品的基本能力。"
zh_17,13_onebook_php.txt,hard,《职场风云》蔡群峰_晋江文学城_【原创小说|言情小说】,https://www.jjwxc.net/onebook.php?novelid=4927068,2026-04-17,"jjwxc chapter excerpt (gb18030 decoded) | Upgraded from a book blurb to a real chapter-1 excerpt from the same JJWXC work, decoded correctly from `gb18030`. | Chapter excerpt is coherent and reads like a natural fiction passage rather than a blurb.",private_dataset_only_manual_review_required,source_audit=pass; qa=pass; reviewed=2026-04-17,workplace fiction / JJWXC chapter excerpt,pass,"章节标题：第一章 进入外企

正文节选：
2003年春天的一个傍晚，天色渐渐暗了下来，显得越来越大的红色太阳徐徐落进村西边高高的杨树林中，天边泛起朱红色的晚霞，映红了半边天，村庄上空袅袅炊烟升起，也被染成了深红色。曹福站在村头，一阵阵凉风吹来，带着使人沉醉的混合着泥土味的成熟麦浪清香，曹福深吸了一口气，焦虑了一天的心情顿时轻松了一些。他喜欢太阳的热烈，不喜欢月亮的冷清，只要看见阳光，就心情舒畅，似乎暗示着好运的到来。朝天空搜索一番，没有看见月亮。他看了看右手腕上一块廉价电子表，说：“唉，都过了七点了。”站在边上的公司河北农艺技术代表张广站说：“一晃一天就过去了。”张广站是个二十五岁刚刚大学毕业的小伙子。曹福对他说：“我们出来快一个周了，还有最后一块试验地没有找到，一定能在这个村找到。”张广站点点头说：“借您吉言。”

曹福、张广站和他们租来的私车司机姜师傅一起向村头大槐树的方向走去。这时他们才看到，大槐树下有一个木架栏杆拦着，两个中年男人坐在那儿。曹福想起来全国正闹非典，到哪儿都不让进，因为北京最严重，只要是从北京来的，肯定要重点盘查，曹福从不敢说自己是从北京来的，要不然就会被抓起来隔离。因为曹福是湖北人，张广站和姜师傅是河北人，租用的是当地车，所以没有人发现。他们还看到一个中学生模样的女孩站在大槐树下石头围起的台阶上向这边张望。曹福径直过去问：“这是什么村？”女孩热心地回答：“赵家井。”赵家井？曹福愣住了，这不是他最近几年捐款助学的中学生赵雅静所在的村子吗？不会这么巧吧，他没见过赵雅静，也没来过，马上问：“你认识赵雅静吗？”“我就是赵雅静啊！”女孩疑惑地瞅着曹福问：“您怎（zong）么知道俺的？”曹福喜出望外，说：“我就是农业大学的曹福，我们通过信的。”女孩惊喜地从台阶上跳下来，疾走两步来到曹福面前，又退后一步，不敢正视曹福，说：“原来是曹老师啊！没想到您过来看我来了。”曹福忙做解释：“不是，我是来找试验地的。真巧，碰上你了。”

一行人随后去了赵雅静家。进院之后，赵雅静赶紧向母亲介绍：“妈，他就是给俺们捐钱的曹老师。”一个中等个儿、围裙上沾着白面粉的中年妇女走了过来，笑眯眯地说：“左眼跳财，右眼跳来，来贵戚了。”她仔细打量了曹福一番，又忙着招呼几人进屋坐下。曹福他们四处瞅瞅，没有马上坐下，赵雅静母亲笑了：“你们城里人，没见过炕吧，冬暖夏凉，坐吧，干净着呢。”大家沿炕边坐下，赵雅静给众人倒了水。曹福大致知道她家里的情况：父亲几年前去世，母亲梁福英带着两个孩子种几亩地、做点小生意勉强过活，家里非常艰苦，所以学校推荐困难学生一帮一时，曹福就选择资助了赵雅静。

饭桌上，曹福提出还有一事相求，希望能找一块三四分地大小的试验地来种公司的玉米材料。梁福英听完便爽快答应：“多大个事儿，就在俺们家地里种，俺们家的地刚收了小麦，正准备明儿播玉米种，我们不种了。”曹福坚持说公司会给试验费，梁福英却摆手说：“什么费不费的，钱不钱的，尽管种。”这番带着人情味的对话，让曹福心里那块石头终于落了地。

不久之后，村里人陆陆续续挤进屋里，一个梳着背头、穿着皱巴巴蓝西装的男人也走了进来，梁福英忙介绍：“俺们村的张书记。”有人顺口说了一句“这是给雅静捐款的曹老师，从北京来的”，张书记立刻变了脸色，几乎惊叫道：“啥呀？北京来的？谁让他们进村的？你们不知道北京闹非典吗？得上了，一个也活不了，赶快让他们走！”屋里的人呼啦一下散到门外，只剩曹福他们三人还坐在炕沿上。张广站赶紧站起来圆场，解释他们并不是北京人，只是来做玉米试验的外企人员。张书记半信半疑地听完，最后摆摆手说“没事儿，虚惊一场”，气氛这才慢慢缓和下来。"
zh_18,30_women_de_qingchun_ch1.txt,hard,《我们的青春》了一君 ^第1章^ 最新更新：2023-03-30 11:29:07 晋江文学城手机版,https://wap.jjwxc.net/book2/2709808/1,2026-04-17,"mobile JJWXC chapter extraction (gb18030 decoded, cleaned excerpt) | Clean chapter-1 campus-fiction excerpt with dialogue, social dynamics, and coming-of-age framing. | Youth-fiction chapter excerpt is coherent and appropriately voice-heavy.",private_dataset_only_manual_review_required,source_audit=pass; qa=pass; reviewed=2026-04-17,youth fiction / campus opening,pass,"第一章何方神圣？
秋日的阳光，褪去了一切的明媚和热烈，带给人的只是一种落尽浮沉的纯净，婉转而含蓄，沁人心脾。
一步，两步，慢慢地踏上两旁种着高大香樟树的校园主道，轻轻地吸一口气，就能闻香樟树散发出来的清新且充满生机的味道，叶涵不自觉地停下了脚步。
凤凰花太过绚烂，杨柳又过随性。而香樟，沉稳繁茂、平淡恬静。
闭上眼睛，头微后仰，任凭和煦的阳光打在脸上，嘴角弧度上扬，给了天空一个大大的微笑。
北辰中学，我来了。
接下来的三年
——请多多指教。
这里的一切都是那么安静和惬意。太过耀眼，太过喧闹，都是与此景格格不入的。
走着走着，一切便豁然开朗。
气派而又不失文艺气息的图书馆，韵动而洋溢着青春色彩的体育馆，温馨花园式月牙形排列的生活区楼群，还有那回旋曲折的教学楼……
随着穿梭在校园里的人群越来越多，教学楼开始不再那么平静了。
这是当然了。
开学第一天自古以来就是骚动不安的代名词。

“欸，你觉得咱们班班主任是教文科的还是理科的啊？”
“谁知道呢，教什么的都行就是别一脸正经的就行了，我可不想高一这一年都对着一张教科书似的脸。”蓝雪百无聊赖地望着天花板，双手交叉放在脑后，一副慵懒的样子。
“蓝雪，就你事多，没见过你啥时候待见过班主任。不过话说回来，貌似咱们班都是本部直升过来的吧。真可惜，都是初中那些老熟人了，没点新鲜面孔姐姐我真的就要发霉了。”
欧阳宣一下把蓝雪用腿霸占的椅子抢过来，瘫坐在椅子上无奈地说到。
“哪有，我刚还在学校大门口分班表上看了一眼，咱们班虽说基本上都是本部直升的，但是有新人哦。”
“别提了”，三人闺蜜团之大学霸王雨欣走了过来，一脸忧郁，“刚瞅了一眼就吓我一大跳，全市那个中考第一的叶涵就分在我们班呢，这回可好，这实验班本来压力就大，这回来了个学神级别的人物，咱们的苦日子要来了。”
“日子苦不也得照样过嘛，自从初中就考上了这重点中学，你的日子就别想舒坦了。况且这班级里本来个个就都是厉害的角色，你自己不就是总考前三吗还在这跟我们抱怨。”
“是啊……我就是千年老二的命，也不知道那千年老一啥时候也让我坐坐头一把交椅。”王雨欣欲哭无泪。
“节哀节哀，除非太阳从西边出来……”
于是，一班的大家在开学第一天成功地把氛围带到了黑压压的乌云之下。

新生陆陆续续都进入了校园，离一班越来越近的叶涵既兴奋又紧张，带着对未来无限美好的憧憬，她头也没抬地刚要迈进班级前门，就被从里面冲出来的男生撞了一下……
“啊……”
男生回过神来，看见自己撞了人，急忙道歉：“对不起啊，这位同学，你没事吧？”叶涵揉着头烦闷地看了男生一眼：“没事倒是没事，你下次能不能不要横冲直撞。”
男生不好意思摸了摸头：“嘿，我记住了，你是新来的吗？我叫张奕轩，我急着去篮球社报道就跑了出来，不好意思啊。那回来再好好认识一下吧，我先走了！”说罢又是横冲直撞地抱着篮球跑了。
叶涵无语地摇头，虽然是被撞得有点疼，但是自己的性格一向是多一事不如少一事，叹了口气正要再次往班级里走。
刚迈腿，脚还没落地，身后就响起了一个男生的声音：“同学，等一下。”
叶涵心头的火蹭地一下就冒出来了：到底还让不让我进班级了！
顺着声音叶涵没好气地望了过去，“这是你掉的杯子吗？”
对上男生平淡如水的表情。
原来是好心人啊，叶涵收敛了一下刚要爆发的情绪，礼貌地说了声谢谢，顺手把杯子接了过去。
“不客气。”
男生依旧云淡风轻地说着，一手插回裤袋，一手抬起，看了眼手表，从叶涵身边走过，转身进了教室。

“呦，文远来了，咱们几个刚才说到你呢，快过来，讨论一下待会放学去哪聚聚，一个暑假都没见了。”刘凡一见到文远来了就张牙舞爪地招呼了起来。
叶涵收好自己的水杯，又一次重新踏进了教室。这回，可算没人阻碍她进教室了。
叶涵看靠窗边有个空位置，便暂时走过去歇了下来。毕竟这大热天的一个人扛了这么多东西过来，刚还被重重地撞了一下，有点吃不消了。

“铃——”
伴随着上课铃声的响起，高中生活就正式开始了。
“大家好，我是你们的班主任，也是你们的政治老师，我叫魏晴，接下来的一年，我希望陪伴大家一起开心地度过，很高兴认识你们。”温柔又温暖的声音充满了整个教室，眼前这个个头不高却看起来充满活力的年轻女老师，让同学们一个个目不转睛。随即，几个活跃分子带头鼓掌，老师也笑盈盈地回应着大家。
欧阳贼眉鼠眼地瞟了一下蓝雪，戏谑地小声问了一句：“怎么样？教科书吗？”
蓝雪目不转睛地盯着班主任，傻呵呵地回着：“咳咳，绝对是漫画书，漫画书嘿嘿。”
“傻样吧你……”
“那么接下来就请大家按照屏幕上的座位表重新入座吧，然后就请同学们一个个地自我介绍。”
“哎哎，我命怎么这么不好要跟一个大学霸坐在一起啊，上课玩手机估计都会被侧目吧。”
“手机上课期间都要上交，你倒是给我个机会让我侧目你啊。”曹明挑眉看着吊儿郎当的刘凡。
“啊啊啊我忘了，手机交了我还怎么活啊。”刘凡悲天跄地地哀嚎到。
“话说你看，文远那家伙好像还是坐最后一排诶，不过旁边倒不是王雨欣了，好像是一个外校考进来的吧，你认识吗？”
“不是王雨欣吗？老天终于开眼了，这对金童玉女，班级成绩的掌门人掌门夫人终于要分开了啊，我看也是，一个千年老一，一个千年老二初中一起同桌了3年，我们只有羡慕嫉妒恨的份啊。这下分开才叫资源优化合理配置嘛。”刘凡一副眉飞色舞的样子说到。
曹明虽是听刘凡这么说着，但还是察觉出一种老师在下很大一盘棋的感觉……盯着屏幕上文远旁边这个女孩的名字，怎么那么熟悉呢，好像在哪听过……
蓝雪找到自己的新位置坐定之后，悠闲地扫视着大屏幕上其他同学的位置安排。嗯，欧阳坐在我前面，雨欣坐在我左边的那桌，扫到文远那桌瞬间弹起：“啊……我是不是眼花了，叶涵跟文远一桌！！！欧阳，蓝雪你们快看……”三人齐刷刷定向大屏幕，又非常整齐地转头向教室最后一排靠窗位置望去，只见文远和叶涵两个人确确实实坐在了一起，只不过这两人……
“对，叶涵就是那个中考第一的从实验中学考进来的女生嘛！”曹明听到蓝雪那么大一声，自己在被吓到的同时，却也闪电般地记起了这个厉害的女生。
与此同时，一班的其他人看到这两个人居然成为了同桌顿时也炸开了锅，刘凡的嘴巴在听到曹明的话之后已经张大成为了一个O型，怎么会……这是要逆天吗？
思绪继续拉回文远叶涵这桌，这两个人……居然都在气定神闲地看着课外书……文远和叶涵，你们真的不知道坐在你们身边的对方是何方神圣吗？……"
zh_19,16_1039955910.txt,hard,游戏异界？异界游戏！,https://www.qidian.com/book/1039955910/,2026-04-17,embedded state payload | Uses embedded Qidian state data with synopsis plus chapter text; this is the correct richer capture. | Embedded-state extraction includes a real chapter excerpt with genre terminology and narrative pressure.,private_dataset_only_manual_review_required,source_audit=pass; qa=pass; reviewed=2026-04-17,modern fiction / game-system webnovel,pass,"书名：游戏异界？异界游戏！
作者：喝可乐不
分类：游戏 / 游戏异界
状态：连载中
标签：系统流；轻松
字数：3337186
更新时间：13小时前
最新章节：第一千零六十三章 数据化城市

作品简介：
穿越到全虚拟游戏《创世之石》中。
这不再是游戏，而是变成了现实。
生命不再是血条。
力量不再是技能。
身体不再是数据。
既然游戏变成了真实的异界，那就把这游戏的异界改造成异界的游戏世界。
数据化，启动！
【个人面板】
【技能等级】
【地牢副本】
一步一步，通通造出来！

章节标题：第一章 游戏成真

章节正文：
“嗯！”

一声闷哼，虹尘睁开了双眼。

映入眼帘的是昏暗的房间。

“轰隆！”

一道震雷从外面落下。

带来的光芒，透过破碎的窗户照亮了房间。

“殿下，你醒了？现在感觉怎么样？”

一道女性的声音从旁边传来，虹尘便感觉自己被扶了起来。

他这时候才发现自己浑身上下疲软疼痛，就像散架了一般。

虹尘看着将自己扶起来的这名女性。

昏暗的房间，看不清她的面色，只能看见她脸上有着不少的脏污。

好硬。

他这才看见，这位女性身着的是一件有些破损的铠甲。

“阿莉瑞丝。”虹尘脱口而出。

“殿下，我在。”阿莉瑞丝声音轻柔，但依旧能够听出声音当中的嘶哑。

我怎么会知道她的名字？虹尘脑海中忍不住产生了这样的疑问。

这样的疑问产生，脑海中便自动浮现出了面前这人的身份。

是的，阿莉瑞丝，母后安排的守护骑士。

母后？我哪来的妈？我不是没妈吗？

脑海中的记忆开始混乱，各种各样的信息开始交织穿梭。

原来是这具身体的母亲，不过根据记忆来看，应该也没了。

“殿下，你没事吧？”

听着阿莉瑞丝担心的话语，脑袋轻松不少的虹尘，看着他点了点头。

“没事。”

他穿越了，穿越到了自己玩的游戏当中。

现在的名字叫做卡纳·萨夫罗·萨特。

这个名字好熟悉啊，在哪儿听过？在前世的记忆中听过。

对，想起来了，这不是丑哥吗？

我居然是小丑皇！

卡纳整个人震惊了，这是他所玩的游戏里面的一个NPC角色。

玩家亲切的称呼他为小丑王子、小丑皇。

为什么会有这样的称呼？自然是因为这个NPC在游戏里面有着诸多的小丑操作，又恰好是一个亡国的王子。

为了复国，经常干出离谱操作，愚人节活动副本钦定 boss。

官方下场整活。

现在不是想这些的时候，虹尘或者说卡纳晃了晃脑袋，看向周围。

这周围的环境无一不在向他说明，他现在所处的地方并不安全。

潮湿的空气带着一股霉味，还有着血腥味，嘴巴里干涩铁锈的味道，也说明自己的状态并不好过。

阵阵雷声中，外面还下着暴雨。

“废物王子醒了，狗屎，真是被这个杂种给害死了。”

一个粗鄙嘶哑的声音从不远处传来。

卡纳转头看去，在房屋的楼梯处，有三名士兵打扮的人正围坐在那里。

说话的正是其中之人。

“放肆！你竟敢对殿下不敬！”

“啧，还以为自己是尊贵的王子殿下呢？这个国家已经完了！你懂吗？就是因为你们这些该死的贵族！”

另一名士兵，对着他们所在的方向大吼着。

“住嘴！”一个压低的声音立马呵斥。

这是最后那一名没有说话的士兵，随着他的话音落下，房间内安静了下来。

“闭上嘴巴，你以为我们现在在什么地方？不想要命了？”

他压低声音说着，转过脑袋，向窗边的地方，小心的打探。

随着对自己身体逐渐恢复掌控，卡纳已经能够渐渐听见雨声之中传来的那些不合时宜的尖锐嘶吼声。

时不时还有惨叫的声音，从雨夜中传来。

我们现在还在逃命的途中。

近段的记忆开始在脑海中复苏。

贵为一国的王子，虽然只是四王子。而这个国家就如刚刚那边士兵所说，已经破灭了。

他也迅速的通过前世对游戏的背景了解，对上了所属的地区和势力。

萨夫罗—自由之国

在游戏开局之时，这个国家就已经破灭，或者说正是因为这个国家破灭后不久，剧情就开始了。

在这个国家上诞生的是全新的种族，对比着吸血鬼设计的血之一族。

因为世界风格的原因，这血族虽然对照着吸血鬼设计，但比吸血鬼要恶心的多。

说是智慧的种族，但将其归为怪物也完全没有任何的问题。

甚至可以说，更加的贴切一些。

卡纳的脑子开始快速运转，针对前世的记忆和此时这身体的记忆快速对比思考。

我还没有变吸血鬼，我的守护骑士阿莉瑞丝也还没有跟着变成吸血鬼。

那这一定是血之灾开始不久，国家已经颠覆，正在逃难。

通过记忆可知。

现在他们应该已经离开了王都，现在的王都应该已经变成了血族的大本营。

“我们现在在哪儿？阿莉瑞丝。”卡纳问道。

“巨岩城外的一处村庄，抱歉殿下，我并不知道这座村庄的名字。”阿莉瑞丝的声音有些疑惑，但还是忠诚的进行了回答。

“我们的王子殿下，终于把脑袋也摔坏了吗？”不远处的士兵阴阳怪气的说道。

“闭嘴马特，留点力气吧。”

那名士兵队长再一次阻止了他手下的阴阳怪气。

看着卡纳所在的方向，压低声音回答道：“瓦砾村，这个村子的名字。”

巨岩城倒是知道，瓦砾村……没听说过这个地区名啊。

但已经到了巨岩城了，那么基本上可以确定这个村子就是在游戏当中，原本剧情自己被抓住的地方。

他曾经作为一个游戏玩家，在游玩这款名叫《创世之石》的游戏时，做过小丑皇的个人剧情线。

在其回忆中，看着他是如何从身份高贵的王子一夜之间跌落成了亡国者。

又是如何在逃离的中途被逮住，拖回了被转变成血族大本营的王都，成为了血族的一份子。

逃离中被逮住的时候，就是在巨岩城外，那应该就是这里了。

要放弃直接被转变成血族吗？

这个选项刚在他脑海中回想的第一下，就被他立刻否决。

不行，坚决不行。

现在的血族是纯粹的怪物，如果是之后版本的纯血血族还差不多。

得想办法离开这里，这具身体的记忆已经和他曾经游玩游戏的经历所对应上了。

不出意外，这就是他所玩过的那款游戏《创世之石》。

如果他真穿越到了这个世界当中，以他对后期那一系列剧情发展的了解。

以他高玩加上剧情爱好者的身份，只要剧情不发生翻天覆地的转变。怎么也能在这世界有那么一番小小的作为吧。

当血族就算了吧，那实在是过于反人类了。

确定现在的情况下，定好目标，卡纳强忍着浑身的酸痛，勉强的坐了起来。

扶着他的阿莉瑞丝，也小心翼翼的看护着他。

“那群怪物过来了，快走吧队长，再不走没机会了。”

一些嚎叫的声音越来越近，大雨与雷声已经快要盖不住了。

那名士兵队长看向卡纳两人。

他旁边的另一名士兵也说道：“别想了队长，快走吧，带着他们两个，我们肯定跑不掉的。”

阿莉瑞丝立刻哀声求道：“不，殿下还能动，请你们带着他一起走。”

卡纳这时候才看见，阿莉瑞丝的左腿有着不规则的弯折。

在逃命的途中，这可太致命了。

“我们可不会带着一个大喊大叫的废物，那只会让我们更快送命。

我们的兄弟已经为了这废物死光了，没有在这里杀了他，已经是我们忠诚的证明了。”

说着他又不由得扯了扯自己的队长。

“快走吧，别看了，他们已经没救了，这个国家也没救了。

我们逃到科恩去，大不了当佣兵。”

刚刚那名负责侦查的士兵也不由得过来劝道：“是啊，队长，快走吧，不然我们都会没命。”

这名队长似乎也下定了决心：“抱歉。”

说完便和两名士兵向下走去。

“不，至少带上殿下。”

“好了，别说话了。”

卡纳捂住了阿莉瑞丝的嘴，小心翼翼的来到窗边向外看去。"
zh_20,17_1047229389.txt,hard,乡村诡异怪谈,https://www.qidian.com/book/1047229389/,2026-04-17,embedded state payload | Uses embedded Qidian state data with chapter text; this is the correct richer capture. | Embedded-state extraction includes a usable horror/fantasy chapter passage.,private_dataset_only_manual_review_required,source_audit=pass; qa=pass; reviewed=2026-04-17,modern fiction / horror webnovel,pass,"书名：乡村诡异怪谈
作者：三陈老祖
分类：悬疑 / 诡秘悬疑
状态：连载中
签约状态：公众作品
字数：1777
最新章节：第1章开始
加入时间：2025.12.02

章节标题：第1章开始

章节正文：
这个故事发生在上个世纪的八十年代，在那个百废待兴的时代，人们的生活水平十分低下，为了振新国家，刺激消费，国家出台了新政策，鼓励农民进城打工，这在当时掀起了一场新的时代浪潮。

在这样的背景之下，这个故事的主人公小圆的父母也不例外，在小圆刚刚记事开始就把小圆过继给了远在秦岭山脉的奶奶，奶奶家虽然是在大山中的一处小村落，日子过得十分拮据，但是小圆也没有嫌弃，每天都积极向上，对大山里的任何东西都充满了好奇。有时候只是在树下捡到了一只知了小圆也能玩上一整天。

因为新政策的影响，这座村庄里也几乎没什么年轻人，只剩下了一群老弱病残，所以在村东头的村长——老李头。自然就成了小村落的第一话事人，掌管着村中婚丧嫁娶的一切事宜。老李头年轻时据说在一次意外中得到了一本《黄帝要术》，从此也是渐渐转运，短短几年的工夫，就从三代贫农干到了村长的职务，所以村上的人都特别尊敬老李头，一有一些古怪之事就往老李家跑。

回到小圆这里，因为奶奶家境贫寒，用不起天然气，小圆与奶奶两个人每天都要在山里捡柴火以供于每天的做饭所需。两人每天都是如此，渐渐的山脚下的柴火都被捡光了，只能冒险在高一点的地方去找了。

此时小圆心中就隐隐有些不安，但就在这时奶奶的话在耳边响起。

“小圆，你在干什么呢？快点，我们要在天黑之前回去呢。”

这时小圆也回过神来，看着已经走了十多米的奶奶，小圆用力提了提背上的竹笼，应了一声：“来了。就快速朝着奶奶跑去。”

就这样两人一前一后的朝着山上走去，大概走了十几分钟，两人走到了山顶，就开始忙碌了起来，就在这时小圆眼睛的余光无意的看到了树林的一角，有一个奇怪的东西，小圆定睛一看，不得了了，只见那团鼓鼓的东西不是别的，赫然就是一座坟堆，这时小圆瞬间汗毛倒立，冷汗浸湿后背。

就在下一秒，那座坟缓缓地喷出了一阵白烟，小圆看着这诡异的一幕，想要叫出声，这才惊恐的发现自己的嗓子已经发不出声了，好像有一股气在嗓子里发不出声来。双腿更是如灌铅一般移动不了半步，这时小圆只能在原地无声的挣扎，就在下一秒，小圆只觉得脑子一昏，慢慢的昏了过去。

小圆这时眼前一片漆黑，小圆本能的恐慌，深知这个时候不能闭眼，得赶快睁开眼睛，小圆本能的汇聚自己潜意识的能量，心中默默发力：“快醒醒啊，这可是荒郊野外啊！”

就这样小圆渐渐战胜了这股诡异的力量，醒了过来，惊讶的发现自己居然还站在原地，但奇怪的是眼前的坟墓却消失了，反而在原先坟墓的位置奇迹般的出现了一道迷宫，小圆瞬间来了精神，看着远处的奶奶，玩味一笑，快步走进了迷宫。

这座迷宫蜿蜒曲折，四通八达，渐渐唤起了小圆的兴趣，小圆缓缓地解下了背上的竹笼，大步走进了迷宫。

四周的环境在不断的变化着，小圆只觉得新奇，在迷宫里四周的溜达了起来。

“咋到处都是死胡同啊。”小圆心中抱怨道。

渐渐的每次都是死胡同渐渐的唤起了小圆的好胜心，小圆越发欣喜，仿佛置入了人间仙境，小圆逐渐忘掉了时间和奶奶，一个人奔跑在这诡异的迷宫之中。

突然间，四周突然涌现出了一阵诡异的迷雾，迷雾好像有意识一般将小圆团团围住，起初小圆以为只是普通的水汽，但逐渐小圆意识到了不对劲，好像有一支无形的大手在不断的撕扯着小圆，恍惚间，那阵迷雾好像化作一双双苍白的手，直逼小圆而来，吓得小圆是汗毛倒竖，像是丢了半条命。

这时小圆也反应过来了不对劲，内心只有一个想法：“跑，快跑！”

不过这时小圆才惊恐的发现自己的双腿好像没了知觉，迈不开半步，小圆本能地想要叫奶奶，嗓子里就像灌了铅一般，只能吱吱呀呀的叫着，看着远处的奶奶的身影一点点的消失，自己被这诡异的迷雾所吞噬，小圆什么也做不了，这巨大的恐惧使小圆的内心几乎崩溃，内衣被冷汗浸湿，看着身边时隐时现的坟墓小圆内心逐渐崩溃，此时小圆还在挣扎着，但渐渐的小圆没了力气，就在小圆想要闭上眼睛之时，一个声音响了起来。

“妖魔鬼怪快离开，妖魔鬼怪快离开......”

小圆只感觉身体一轻，四肢瞬间恢复了行动能力，迷雾也在以肉眼可见的速度退散，小圆这才回头看了看，发现竟然是奶奶。

小圆心奇地跑向奶奶，问着奶奶：“奶奶，你会魔法吗？”奶奶只是慈祥的笑着，摸了摸小圆的头，没有回话。

良久，奶奶才缓缓开口，说道：“圆圆，柴也捡的差不多了，我们回家吧。”

小圆看了看慈祥的奶奶又看了看身后的那恐怖的坟墓，吓得是一激灵，赶忙重重的点头。

看到小圆点头，奶奶顺势背起竹筐，牵起小圆的小手快步离开了此地。"
zh_21,09_c418967-40115538_html.txt,hard,《青年作家》2023年第10期｜王威廉：怪兽（节选）--新作品--中国作家网,https://www.chinawriter.com.cn/n1/2023/1110/c418967-40115538.html,2026-04-17,chinawriter-end_article | Substantive fiction excerpt from China Writer; extraction is clean. | Modern fiction excerpt with strong first-person voice and stylistic signal.,private_dataset_only_manual_review_required,source_audit=pass; qa=pass; reviewed=2026-04-17,literary prose / excerpt,pass,"在睡梦中我就听到轰隆轰隆的声音，仿佛荒原上奔跑着一群受惊的长毛象。（这个比喻我觉得有趣，因为长毛象已经灭绝了数千年，我却暗暗怀念着那样的存在。）紧接着，放在床头柜上的水杯像冬天的牙齿一般哆嗦着，掉在地上，摔碎了。清脆的碎裂声让我彻底惊醒，我意识到地震了！我迅速翻身而起，顾不得披上一件衣服就往卫生间跑去。我忘记了从哪儿学到的“知识”：地震的时候躲在卫生间的角落里，保命的机会比较大。鬼知道这是不是真的，但我现在可以用自己的小命去验证了。
我光着身子（裸睡的习惯真是会要命的），瑟瑟发抖，蜷缩在卫生间的角落里，看着昨晚放在盆里忘洗的袜子，像是晒干的海带，恍然间感到毁灭是如此滑稽的事。我要和这双臭袜子埋葬在一起吗？是谁说的：世界毁灭于“嘘”的一声，而不是“轰”的一声。但眼下的状况表明，这个世界归根结底还是会毁灭于“轰”的一声。
我闭上眼睛，被极度震惊的脑海里空空如也，只能任由身子在角落持续晃动。大约两分钟后，我才觉出了异样：地震的晃动怎么可能这么规则？还如此持久？那种轰隆轰隆的巨响已经不像奔跑的长毛象了，而更像是几把巨大的鼓槌富有节奏地敲击着地面。
究竟是怎么回事？难道真有一位品味独特的神，让毁灭也带有艺术的形式吗？
这种想法缓解了我的恐惧，我揉揉发软发酸的腿，站起身来，随着晃动的节奏，走到阳台上。眼前的景象让我像原始人看到飞机一般震惊。那边有一头狰狞的怪兽，正在江对岸行走，它巨大的身躯直耸天际，它每走一步，我和地球就一起颤抖起来，仿佛我是地球的神经末梢。我屏住呼吸，知道这是唯一能证明我是否在做梦的方法。我每次进入梦魇之际，都这么做，呼吸是我置身梦魇中唯一能够控制的行为，我只能用这种关闭生命通道的方式把自己憋醒。但这次，我憋了足足有两分钟，头晕目眩，可怪兽还是在那里震动着地球。
我确信自己并没有做梦。（其实我接受诊疗后，已经成了一个少梦的人，我没有再做过一个场景完整的梦。）
我跑回房间，拿出戒指形状的手机戴在手指上，用其携带的电子望远镜仔细打量起怪兽。在弹出的全息屏上我看到它长着霸王龙一样的身体，霸王龙一样的尾巴，但非常奇怪的是，在原本应当长着兽脸的地方，却长着一张忧郁的人脸。看着那张脸，我居然觉得它一点儿也不凶残，而是对自己所做的这一切充满了歉意，是一副不得不做的样子。它这个样子让我一下子就不再害怕了。我甚至有点可怜这只怪兽。当然，它踩扁了好几辆轿车，推倒了好几栋建筑，但每次它都是小心翼翼的，等到里边的人都跑光了，它才放心大胆地大力毁灭。人们四散奔逃，在一段距离之后停下来，回头张望，怪兽又扑了过去，人群再次开始奔逃。
我忽然发觉自己渴望着奔逃的人群。在此之前，我从没见过奔逃的人群。我见到的人群，都是优雅有序的，他们和你匆匆擦肩而过，看也不看你一眼。我讨厌那样冷漠的人群，因此，我开始渴望四散奔逃的人群，我想看看他们那些冷漠被粉碎后的脸。当我这样想的时候，我已经完全接纳了怪兽的存在，这和我接纳失业时的心情一模一样。
这时，我头顶响起轰隆隆的声音，我还以为又来了一头会飞的怪兽，我赶紧抬头，却发现是一架直升飞机，它越飞越低，我听见有人用扩音器喊道：
“请注意！外星人进攻！请迅速离开住宅，前往城南车站，政府已经安排军队帮助大家撤离！”
外星人？我笑了起来，我压根儿就没想过那会是外星人，而且现在也不打算相信。（原谅我写下了我不相信的事情。我对外星人这种事儿从来都不感兴趣。）怪兽存在的场景让眼下很像是一部荒诞的全息电影。电影一直追逐着各种各样的灾难奇观，当真正的灾难来临的时候，希望人们已经在电影院里得到了训练，那种来自旁观者的勇气足以支撑他们活到下一个时辰。（这是我说的笑话，不知道你们读懂了吗？我好像打了好多括号，我刚刚开始干这行，似乎总想多说点儿，说得考究一点儿。以前那些写作的人也饶舌吗？）
直升机飞过去了，有关外星人的叫嚷也逐渐变成蚊虫的哼唱，我凝视天空，发现天空清朗，艳阳高照，没有一片云，更别说外星人的飞船了。这是个好日子。怪兽引起的轰动，在无限天空的衬托下，也是渺小的，与蝼蚁惹出的麻烦差不多。更何况，那怪兽还长着忧郁的人脸，它郁郁寡欢的样子，就像是某个渴望口腹之欲的“文明人”第一次在餐桌上敲开血淋淋的猴脑：他手里拿着勺子，心中充满了恐慌、歉疚与无限的迷茫，却依旧把勺子插进面前那还活着的脑髓。更何况，“文明人”总是很聪明，他们会蒙上猴子的眼睛，避免和猴子的眼睛对视。
长着人脸的怪兽，四散奔逃的人群，激起了我的好奇心。我隔岸观兽，整个人放松了下来。我从衣柜里拿出衣服，回到阳台上，不慌不忙地开始穿起来，眼睛眺望着怪兽，这跟看全息电影没什么区别。
怪兽是外星人？如果是外星人，怎么会只派这么一个忧郁的家伙？他们应该像蝗虫那样，密密麻麻，铺天盖地，带着昆虫的无情无义。
怪兽的攻击在继续，可我还是没有感到丝毫的害怕。
我穿好衣服，打量了一眼房间，没什么值钱的东西。我无所留恋地打开门，打算去顶楼，那儿有三十八层高，可以更好地看怪兽及其周围的状况。
电梯都是向下去的，而且里边挤满了人，他们带着很多行李（还是不怕死），有人还把行李顶到脑袋上，看上去比怪兽还要奇怪。我等了好久，电梯终于可以向上行驶了，我赶快跑进去，里边空无一人。
空无一人的电梯比远处的怪兽更可怕，像是进入了机器人的铁嘴里。这时，有个女孩儿进来了，我定睛一看，那正是我暗恋的女邻居。我想跟她打个招呼，可她看到我按的是顶楼，尖叫着跳了回去。我急忙追了出去，可她已经没影了。我要去找她吗？要和她共同面对这场灾祸吗？答案似乎是否定的。看来，我对她的暗恋只是一时的虚妄之想而已。我只是太孤独了，而她离我如此近。我经常隔着一堵墙来想象她，正是这种想象让我有了莫名的性冲动，并因此而暗恋上了她。
可我刚刚才真正看清楚她。她的印象在我脑中挥之不去，那极为干瘦的身体，像是给骨头刷了一层肉色的漆。我终于看清了自己的痴心妄想。
我到了顶层，再次打开电子望远镜。我看到怪兽的头顶上还长着稀疏的头发，手臂上密布着绿色的鳞片（在阳光下闪闪发光，那样的光泽甚至令人目眩神迷）。它的脊背很光滑，没有动物样的鬃毛。它的尾巴略显僵硬，有时在转身之际会卡在楼房之间。它的大尾巴和小脑袋之间显得极不平衡，多亏了那双粗壮的腿，才让它能够站立在大地上。它每走一步，周围的汽车就会跳一跳。但是，最诡异的还是它的行为，它还是那么小心翼翼，在它的周围确实连一星半点的血迹都没看到。因此，跑到近处去看看的冲动越来越强烈了。
没有任何观察能比得上置身其中。
这个想法一旦出现，我便无力扭转它，即使我知道那会有丢命的危险，我也不管不顾，不得不去。
怪兽到底是外星人，还是外星人派来的生物武器？我从楼顶下来，向怪兽的方向跑去，边跑边琢磨这个问题。
我感到地面的震颤越来越剧烈，像是踩在怪兽的胸膛上，脚下是它有力的心跳。我转过街角，迎面有一群人惊恐地跑来，他们看见我，赶紧朝我喊道：“傻瓜！找死啊！”他们挥挥手，让我转身跟他们一起跑。如果没有遇见他们，我的勇气一定很快就会用完，但他们的怯懦与慌乱，反而激发了我的勇气。我心底涌起没来由的自信，我应该继续前行，一探究竟。
很快，我看到怪兽的背影，它极为高大，光是两条粗壮的腿就有五米高。我仰着头，感到自己穿越时空，来到了霸王龙横行的白垩纪。霸王龙是陆地上存在过的最强大的食肉动物，眼前这个霸王龙样的怪兽也是食肉动物吗？我仔细观察四周，就像此前用电子望远镜看到的那样，没有发现任何喷溅的血迹和吃剩的残肢。这让我觉得它也许是在装腔作势，我的勇气再次倍增。
我溜进一条小巷，从另一侧巷口小心张望出来，终于看清了它的正面。虽然我早已知道它长着一张人脸，但近距离观看，感受完全不同。它的身子过于庞大，因而它的脸部显得极为渺小，而且它很难安静下来，一直在摇头晃脑，左顾右看，这让我无法看清它的脸部。我耐心等待着，终于，它的脑袋转了过来，与我的视线正面相撞，它的丑陋像一枚炸弹投进了我的体内，我的脑袋里翻滚着一个想法：
对人来说，没有比人更可怕的生物。
那张忧郁的人脸，像是因为项目不能按时完成而大为烦躁的部门经理的脸。这样一张毫无特点的脸，配在怪兽的身体上，所产生的诡异和恐怖胜过了霸王龙再世。换句话说，那诡异和恐怖的真正源头不是具备毁灭力量的怪兽，而就是那张渺小的、毫无特点的、烦躁的人脸！
我两腿瘫软，顺着墙壁滑坐在地面上，胃里有股想要作呕的巨大恶心感。我的勇气已经消散殆尽。那个信心满满、想要冲锋陷阵的我，没有被霸王龙那样的庞大身躯所打败，却被一张平庸的人脸给打败了。"
zh_22,19_newsDetail_forward_2752725.txt,hard,龙族I：火之晨曦 第一幕 卡塞尔之门 · 一,https://luoxiadushu.com/longzu/86767.htm#google_vignette,2026-04-17,"user-provided replacement excerpt (chapter 1, cleaned) | Replaced the prior interview/profile with a cleaned user-provided chapter-1 excerpt from `龙族I：火之晨曦`; this is now the right content family for the pinned Dragon Raja slot. | User-provided Dragon Raja chapter excerpt is coherent prose and strongly judgeable.",private_dataset_only_manual_review_required,source_audit=pass; qa=pass; reviewed=2026-04-17,literary fiction / Dragon Raja chapter excerpt,pass,"第一幕 卡塞尔之门 · 一

人一生里总有几次觉得自己看见了天堂之门洞开，路明非等了十八年，在他最衰的那一刻，门终于开了。

那个走进来的天使四下扫视，目光如刀。

路明非打出“GG”（“GG”，指“Good Game”，在竞技类游戏中称赞对方玩得好，也是认负的意思），切出了游戏。

屏幕上最后一幕，十二艘人类巡洋舰以大和炮聚焦射击，把他的母巢化做一摊血水。

他输掉了今天的第六局，零胜六负。最后一局他坚持了22分23秒，不过最终还是被拿下了，对方的微操很好，用的又是人类，人类的机枪兵在星际争霸里是个变态兵种，出枪速度为零，拔枪就射，收枪就跑，路明非的小狗追不上，在路上就一只只被打爆了。

聊天频道里，对手得意洋洋，“人类打虫族未必要出坦克，韩国高手都不出坦克，开始就爆兵，海量的机枪混着护士冲过去，连消带打……”

路明非可以想象那家伙眉飞色舞的样子。

路明非没吭声，切到QQ上，那个戴棒球帽的女孩头像还是灰色的，一动不动。对方没上线，他又白等了。他抓了抓头发，有点儿失望。另一个头像倒是跳了起来，是个长得很欠的熊猫，ID是“老唐”。

“兄弟你虫族玩得不错了，下次再切！”老唐就是那个打赢了他的家伙，“你就差在微操上，战术意识是很好的。”

“好呀。”路明非说。

老唐得意洋洋地下线了，路明非冲着屏幕吐了吐舌头。

如果老唐亲眼看见路明非的操作，大概就不会得意了，只会骂一句“变态”，而后再不跟他对局。路明非用的是台老式的IBM笔记本，没接鼠标，用的是红点控制。用红点打星际争霸，这是只有疯子才会干的事情，好比用擀面杖掏耳朵。如果要接鼠标的话，大概老唐活不到第八分钟吧？那样就没得消磨时间了。

可路明非也懒得和老唐说自己是纯属无聊在挑战高难度，他有好多时间得消磨，下次老唐不陪他打了怎么办？

可消磨了很多时间，她也不上线。

何必呢？他有时候也跟自己说。像个傻子似的等啊等，等四个小时，说两三句话，好像是蛮不值的。

可这种事情谁算得出来值不值？

“一箱打折的袋装奶，半斤广东香肠，还有鸣泽要的新一期《小说绘》，买完了赶快回来，把桌子上的芹菜给我摘了！还有去传达室看看有没有美国来的信！还玩游戏？自己的事情一点不上心，要没人录取你，你考得上一本么？在你身上花了那么多钱，有什么用？”婶婶的声音在隔壁炸雷般响起。

路明非觉得脑袋被震得嗡嗡响，一叠声地答应，一溜小跑出门。走廊里安安静静，下午的阳光从楼道尽头的窗户里照进来，暖洋洋地洒在他身上，走道里晾晒着纯白色的床单，窗外风吹着油绿的树叶摇曳，哗哗地响。他靠在门上，听着门里的婶婶还在唠唠叨叨地抱怨，被门隔着，仿佛是另外一个世界的事儿。

又是春天了，路明非，高中三年级，将满十八岁。

他和叔叔婶婶一起住，有一个名叫路鸣泽的堂弟，就读于当地最有名私立高中，学费高昂，师尊严苛，豪车如流水，美女如流云。还有三个月零四天他就得参加高考，这些天每个人见了他都谆谆教诲，告诉他末日就要到来，应该焕发斗志。

可压力越大，路明非越懒，除了打星际争霸，就是躺在床上望着屋顶发呆。

作为一个没什么存在感的人，他的懒惰并不难理解。

路明非有六年多没见过爸妈了，好消息是据说他们都还活着，每半年还会写封信给他；坏消息是每次来信，妈妈都遗憾地告诉他回国探望他的计划又要推迟，因为“事情又有了新的进展”。

他的爸妈都是考古专家，说是在忙一个大项目，结果一旦公布就会像斯文·赫定发现楼兰古城那样震惊世界。上初中时，路明非很为爸妈自豪，读了很多考古方面的书，放学路上和同学津津乐道。但他很快发现该自豪的是有爸妈开车来接的兄弟们。放学之后，一帮同学吊儿郎当地并排往前走，占了几乎半条街的路面，后面就一次次响起汽车喇叭声，然后队伍中立刻有个兄弟收敛了摇摆的幅度，老老实实地钻进自家的车绝尘而去。人一个个地少下去，最后往往只剩下路明非一个人，继续摇摆着向前。

兄弟们隔着车窗玻璃看出去，路明非的背影踢着石头自由自在地远去，非常地羡慕，羡慕他可以随便去哪儿，想逛商场逛商场，想买吃的买吃的，还能去打台球。

“路明非家里对他最好了，从来不管他。”

其实路明非一个人的时候不逛商场也不打台球。他在网吧里坐得发腻之后，就回家了，进了楼却不进屋，从通往楼顶的铁栅栏里钻过去，坐在嗡嗡响的空调机边，眺望这个城市，直到太阳西下。

路明非觉得自家爸妈是男女超人，也许只有某一天他们坐的飞机失事了，他们才会忽然出现在他面前，托着飞机平安落地。若不是那样，他们始终在为世界忙碌，而不是为了他路明非。超人爸妈当然可以用来吹嘘，可事实上跟不存在也没什么区别，路明非都快记不得爸妈的长相了，只有偶尔看小时候的全家福，才能勉强回忆起那一男一女，还有他家那栋外面爬满爬山虎的老楼。

叔叔婶婶更感兴趣的，是路明非爸妈定期从国外寄回来的钱。托那笔钱的福，路明非可以上私立贵族高中，也是托那笔钱的福，叔叔婶婶能买一辆小排量的宝马，叔叔有钱买一些仿得很像的名牌货，婶婶有钱在麻将桌上输，还是托那笔钱的福，堂弟路鸣泽在学校里有了“泽太子”的绰号。路鸣泽和路明非在同一所高中上学，不但成绩比他好，穿衣服也比他精致，而且只要有女孩一起吃饭就抢着付钱，叔叔婶婶还会穿得特别体面参加路鸣泽的家长会，让人感觉路鸣泽是个蜜罐里泡大的孩子。

如果不是因为路鸣泽身高160厘米，体重160斤，应该早都找到女朋友了。

而他路明非也只是“路鸣泽的哥哥”。

路明非对此倒不介意，连爸妈都不在乎他，对叔叔婶婶还能有多高的要求！

路明非两手抄在裤兜里，耷拉脑袋看着地面，一路下楼，在便利店里买了婶婶要的东西，又溜达到书摊上，买了一本新出的《小说绘》。

婶婶觉得路鸣泽聪明，好读书，求上进，还特热爱文学，路鸣泽看《小说绘》在婶婶的嘴里也是“我们家鸣泽在学习”，每次《小说绘》出新一期婶婶都觉得中国青春文坛又有了动静，赶着路明非去买回来，让路鸣泽紧跟形势。

楼下报刊亭的大爷觉得路明非又忧郁又赖皮，还热爱文学，老来买《小说绘》，可从来不看，而是蹲在报刊亭边，把新一期的《家用电脑与游戏》白看完，然后扔回摊上，坦荡荡地评价说越来越不好看了，拍拍屁股走人。

路明非有点蔫儿坏。路鸣泽经常说在我家里怎么怎么样，指挥路明非帮他干这个干那个，路明非每次都照做，然后他就蛮小人地访问路鸣泽那个秘密的QQ空间。

路鸣泽看了文学书，给自己起了一个笔名叫“寂寞的贪吃蛇”，抄了很多哀伤的句子放在QQ空间里，配上他自己用手机拍的大头照，偶尔还上载几张用点红墨水抹在手腕上冒充割腕的照片，配的诗大概是说没有爱就要去死的意思。路明非知道堂弟春心思动，在学校里天天见光天天死，所以想在QQ上遭遇点天雷地火。

路明非就申请了一个新QQ号，起名“夕阳的刻痕”，挂上一张短发娇俏萝莉的照片，把年龄填成16岁，个性签名写成“让你的微笑和悲伤成为我这一生的刻痕”。趁着路鸣泽在家上网，他就溜去网吧和“寂寞的贪吃蛇”搭讪。三来两去，路鸣泽大概觉得他这条贪吃蛇终于找到可口的食物了，非常乐意让自己的微笑和悲伤成为女生这一生的刻痕，在家里，每天都很高兴哼着信乐团的《离歌》，在QQ上一再地约见面，准备轰轰烈烈地开始了。路明非答应得斩钉截铁，可总约在婶婶拎路鸣泽去学钢琴的时候，路鸣泽每每和娇俏少女失之交臂，扼腕痛恨，唱着《离歌》的时候也就有点哀愁的调门儿。

这是路明非这些日子来最开心的一件事了。

路明非就是这么一个人，没有多好，也没什么做坏事的本事，活到十八岁，还不知道自己的未来在哪里。

“明非啊，都说你要去留学啊。”报摊的大爷有一搭没一搭地说。

“哪有，申请而已，谁要我啊？”路明非蹲在摊边蹭杂志看。

“出国留学好啊，出国留学回来就是海龟，赚钱多。”

“我不想赚钱多，我要是考不上大学，我就帮大爷你看摊儿，你给我点儿钱够我买PS2的盘就好了。”

“没出息，看报摊赚不到钱，我是年纪大了。”

路明非翻着眼睛看看头顶绿荫里投下的阳光，“挺好的，可以晒太阳，没人来的时候就发呆，还有过路的美女看。”

这个话题让路明非比较沮丧。他确实申请了美国的大学，但这绝不是因为他的成绩太好大有希望。对于他的成绩，人人都有不同的评价方式。班主任说，路明非，你是属秤砣的么？你知不知道你一个人把我们班的平均分拉低了多少？婶婶是对叔叔说，鸣泽成绩好都是我们家的基因，看你家基因就是不行！只有路鸣泽对他很体贴，在QQ上鼓励他说，“夕阳！成绩不好怕什么？我行我路，这才是我们这种人该做的！反正你在我眼里是个好女孩！”"
zh_23,25__E5_8D_B7007.txt,hard,史記/卷007 - 维基文库，自由的图书馆,https://zh.wikisource.org/wiki/%E5%8F%B2%E8%A8%98/%E5%8D%B7007,2026-04-17,trafilatura | Substantive classical Chinese source text appropriate for a high-difficulty literary slot. | Classical Chinese prose is clean and provides strong high-difficulty signal.,private_dataset_only_manual_review_required,source_audit=pass; qa=pass; reviewed=2026-04-17,classical prose / literary-historical text,pass,"項籍者，下相人也，字羽。初起時，年二十四。其季父項梁，梁父即楚將項燕，為秦將王翦所戮者也。項氏世世為楚將，封於項，故姓項氏。
項籍少時，學書不成，去，學劍，又不成。項梁怒之。籍曰：「書足以記名姓而已。劍一人敵，不足學，學萬人敵！」於是項梁乃教籍兵法，籍大喜，略知其意，又不肯竟學。項梁嘗有櫟陽逮，乃請蘄獄掾曹咎書抵櫟陽獄掾司馬欣，以故事得已。項梁殺人，與籍避仇於吳中。吳中賢士大夫皆出項梁下。每吳中有大繇役及喪，項梁常為主辦，陰以兵法部勒賓客及子弟，以是知其能。秦始皇帝游會稽，渡浙江，梁與籍俱觀。籍曰：「彼可取而代也。」梁掩其口，曰：「毋妄言，族矣！」梁以此奇籍。籍長八尺餘，力能扛鼎，才氣過人，雖吳中子弟皆已憚籍矣。
秦二世元年七月，陳涉等起大澤中。其九月，會稽守通謂梁曰：「江西皆反，此亦天亡秦之時也。吾聞先即制人，後則為人所制。吾欲發兵，使公及桓楚將。」是時桓楚亡在澤中。梁曰：「桓楚亡，人莫知其處，獨籍知之耳。」梁乃出，誡籍持劍居外待。梁復入，與守坐，曰：「請召籍，使受命召桓楚。」守曰：「諾。」梁召籍入。須臾，梁眴籍曰：「可行矣！」於是籍遂拔劍斬守頭。項梁持守頭，佩其印綬。門下大驚，擾亂，籍所擊殺數十百人。一府中皆慴伏，莫敢起。梁乃召故所知豪吏，諭以所為起大事，遂舉吳中兵。使人收下縣，得精兵八千人。梁部署吳中豪傑為校尉、候、司馬。有一人不得用，自言於梁。梁曰：「前時某喪使公主某事，不能辦，以此不任用公。」眾乃皆伏。於是梁為會稽守，籍為裨將，徇下縣。
廣陵人召平於是為陳王徇廣陵，未能下。聞陳王敗走，秦兵又且至，乃渡江矯陳王命，拜梁為楚王上柱國。曰：「江東已定，急引兵西擊秦。」項梁乃以八千人渡江而西。聞陳嬰已下東陽，使使欲與連和俱西。陳嬰者，故東陽令史，居縣中，素信謹，稱為長者。東陽少年殺其令，相聚數千人，欲置長，無適用，乃請陳嬰。嬰謝不能，遂彊立嬰為長，縣中從者得二萬人。少年欲立嬰便為王，異軍蒼頭特起。陳嬰母謂嬰曰：「自我為汝家婦，未嘗聞汝先古之有貴者。今暴得大名，不祥。不如有所屬，事成猶得封侯，事敗易以亡，非世所指名也。」嬰乃不敢為王。謂其軍吏曰：「項氏世世將家，有名於楚。今欲舉大事，將非其人，不可。我倚名族，亡秦必矣。」於是眾從其言，以兵屬項梁。項梁渡淮，黥布、蒲將軍亦以兵屬焉。凡六七萬人，軍下邳。
當是時，秦嘉已立景駒為楚王，軍彭城東，欲距項梁。項梁謂軍吏曰：「陳王先首事，戰不利，未聞所在。今秦嘉倍陳王而立景駒，逆無道。」乃進兵擊秦嘉。秦嘉軍敗走，追之至胡陵。嘉還戰一日，嘉死，軍降。景駒走死梁地。項梁已幷秦嘉軍，軍胡陵，將引軍而西。章邯軍至栗，項梁使別將朱雞石、餘樊君與戰。餘樊君死。朱雞石軍敗，亡走胡陵。項梁乃引兵入薛，誅雞石。項梁前使項羽別攻襄城，襄城堅守不下。已拔，皆阬之。還報項梁。項梁聞陳王定死，召諸別將會薛計事。此時沛公亦起沛，往焉。
居鄛人范增，年七十，素居家，好奇計，往說項梁曰：「陳勝敗固當。夫秦滅六國，楚最無罪。自懷王入秦不反，楚人憐之至今，故楚南公曰『楚雖三戶，亡秦必楚』也。今陳勝首事，不立楚後而自立，其勢不長。今君起江東，楚蠭起之將皆爭附君者，以君世世楚將，為能復立楚之後也。」於是項梁然其言，乃求楚懷王孫心民間，為人牧羊，立以為楚懷王，從民所望也。陳嬰為楚上柱國，封五縣，與懷王都盱台。項梁自號為武信君。
居數月，引兵攻亢父，與齊田榮、司馬龍且軍救東阿，大破秦軍於東阿。田榮即引兵歸，逐其王假。假亡走楚。假相田角亡走趙。角弟田閒故齊將，居趙不敢歸。田榮立田儋子市為齊王。項梁已破東阿下軍，遂追秦軍。數使使趣齊兵，欲與俱西。田榮曰：「楚殺田假，趙殺田角、田閒，乃發兵。」項梁曰：「田假為與國之王，窮來從我，不忍殺之。」趙亦不殺田角、田閒以市於齊。齊遂不肯發兵助楚。項梁使沛公及項羽別攻城陽，屠之。西破秦軍濮陽東，秦兵收入濮陽。沛公、項羽乃攻定陶。定陶未下，去，西略地至雝丘，大破秦軍，斬李由。還攻外黃，外黃未下。
項梁起東阿，西，（北）［比］至定陶，再破秦軍，項羽等又斬李由，益輕秦，有驕色。宋義乃諫項梁曰：「戰勝而將驕卒惰者敗。今卒少惰矣，秦兵日益，臣為君畏之。」項梁弗聽。乃使宋義使於齊。道遇齊使者高陵君顯，曰：「公將見武信君乎？」曰：「然。」曰：「臣論武信君軍必敗。公徐行即免死，疾行則及禍。」秦果悉起兵益章邯，擊楚軍，大破之定陶，項梁死。沛公、項羽去外黃攻陳留，陳留堅守不能下。沛公、項羽相與謀曰：「今項梁軍破，士卒恐。」乃與呂臣軍俱引兵而東。呂臣軍彭城東，項羽軍彭城西，沛公軍碭。
章邯已破項梁軍，則以為楚地兵不足憂，乃渡河擊趙，大破之。當此時，趙歇為王，陳餘為將，張耳為相，皆走入鉅鹿城。章邯令王離、涉閒圍鉅鹿，章邯軍其南，筑甬道而輸之粟。陳餘為將，將卒數萬人而軍鉅鹿之北，此所謂河北之軍也。
楚兵已破於定陶，懷王恐，從盱臺之彭城，并項羽、呂臣軍自將之。以呂臣為司徒，以其父呂青為令尹。以沛公為碭郡長，封為武安侯，將碭郡兵。
初，宋義所遇齊使者高陵君顯在楚軍，見楚王曰：「宋義論武信君之軍必敗，居數日，軍果敗。兵未戰而先見敗徵，此可謂知兵矣。」王召宋義與計事而大說之，因置以為上將軍，項羽為魯公，為次將，范增為末將，救趙。諸別將皆屬宋義，號為卿子冠軍。行至安陽，留四十六日不進。項羽曰：「吾聞秦軍圍趙王鉅鹿，疾引兵渡河，楚擊其外，趙應其內，破秦軍必矣。」宋義曰：「不然。夫搏牛之蝱不可以破蟣蝨。今秦攻趙，戰勝則兵罷，我承其敝；不勝，則我引兵鼓行而西，必舉秦矣。故不如先鬬秦趙。夫被堅執銳，義不如公；坐而運策，公不如義。」因下令軍中曰：「猛如虎，很如羊，貪如狼，彊不可使者，皆斬之。」乃遣其子宋襄相齊，身送之至無鹽，飲酒高會。天寒大雨，士卒凍飢。項羽曰：「將戮力而攻秦，久留不行。今歲饑民貧，士卒食芋菽，軍無見糧，乃飲酒高會，不引兵渡河因趙食，與趙并力攻秦，乃曰『承其敝』。夫以秦之彊，攻新造之趙，其勢必舉趙。趙舉而秦彊，何敝之承！且國兵新破，王坐不安席，埽境內而專屬於將軍，國家安危，在此一舉。今不恤士卒而徇其私，非社稷之臣。」項羽晨朝上將軍宋義，即其帳中斬宋義頭，出令軍中曰：「宋義與齊謀反楚，楚王陰令羽誅之。」當是時，諸將皆慴服，莫敢枝梧。皆曰：「首立楚者，將軍家也。今將軍誅亂。」乃相與共立羽為假上將軍。使人追宋義子，及之齊，殺之。使桓楚報命於懷王。懷王因使項羽為上將軍，當陽君、蒲將軍皆屬項羽。
項羽已殺卿子冠軍，威震楚國，名聞諸侯。乃遣當陽君、蒲將軍將卒二萬渡河，救鉅鹿。戰少利，陳餘復請兵。項羽乃悉引兵渡河，皆沈船，破釜甑，燒廬舍，持三日糧，以示士卒必死，無一還心。於是至則圍王離，與秦軍遇，九戰，絕其甬道，大破之，殺蘇角，虜王離。涉閒不降楚，自燒殺。當是時，楚兵冠諸侯。諸侯軍救鉅鹿下者十餘壁，莫敢縱兵。及楚擊秦，諸將皆從壁上觀。楚戰士無不一以當十，楚兵呼聲動天，諸侯軍無不人人惴恐。於是已破秦軍，項羽召見諸侯將，入轅門，無不膝行而前，莫敢仰視。項羽由是始為諸侯上將軍，諸侯皆屬焉。
章邯軍棘原，項羽軍漳南，相持未戰。秦軍數卻，二世使人讓章邯。章邯恐，使長史欣請事。至咸陽，留司馬門三日，趙高不見，有不信之心。長史欣恐，還走其軍，不敢出故道，趙高果使人追之，不及。欣至軍，報曰：「趙高用事於中，下無可為者。今戰能勝，高必疾妒吾功；戰不能勝，不免於死。願將軍孰計之。」陳餘亦遺章邯書曰：「白起為秦將，南征鄢郢，北阬馬服，攻城略地，不可勝計，而竟賜死。蒙恬為秦將，北逐戎人，開榆中地數千里，竟斬陽周。何者？功多，秦不能盡封，因以法誅之。今將軍為秦將三歲矣，所亡失以十萬數，而諸侯并起滋益多。彼趙高素諛日久，今事急，亦恐二世誅之，故欲以法誅將軍以塞責，使人更代將軍以脫其禍。夫將軍居外久，多內卻，有功亦誅，無功亦誅。且天之亡秦，無愚智皆知之。今將軍內不能直諫，外為亡國將，孤特獨立而欲常存，豈不哀哉！將軍何不還兵與諸侯為從，約共攻秦，分王其地，南面稱孤；此孰與身伏鈇質，妻子為僇乎？」章邯狐疑，陰使候始成使項羽，欲約。約未成，項羽使蒲將軍日夜引兵度三戶，軍漳南，與秦戰，再破之。項羽悉引兵擊秦軍汙水上，大破之。
章邯使人見項羽，欲約。項羽召軍吏謀曰：「糧少，欲聽其約。」軍吏皆曰：「善。」項羽乃與期洹水南殷虛上。已盟，章邯見項羽而流涕，為言趙高。項羽乃立章邯為雍王，置楚軍中。使長史欣為上將軍，將秦軍為前行。"
zh_24,26__E5_A0_B1_E4_BB_BB_E5_B0_91_E5_8D_BF_E6_9B_B8.txt,hard,報任少卿書 - 维基文库，自由的图书馆,https://zh.wikisource.org/wiki/%E5%A0%B1%E4%BB%BB%E5%B0%91%E5%8D%BF%E6%9B%B8,2026-04-17,trafilatura | Substantive classical Chinese source text appropriate for a high-difficulty literary slot. | Classical prose is clean and strongly differentiating for hard translation.,private_dataset_only_manual_review_required,source_audit=pass; qa=pass; reviewed=2026-04-17,classical prose / literary-historical text,pass,"太史公牛馬走司馬遷再拜言。少卿足下：曩者辱賜書，教以 於接物，推賢進士爲務。意氣懃懃懇懇，若望僕不相師，而用流俗人之言。僕非敢如是也。僕雖罷駑，亦嘗側聞長者之遺風矣。顧自以爲身殘處穢，動而見尤，欲益反損，是以獨鬱悒而誰與語？諺曰：「誰爲爲之？孰令聽之？」蓋鍾子期死，伯牙終身不復鼓琴。何則？士爲知己者用，女爲説己者容。若僕大質已虧缺矣，雖才懷隨和，行若由夷，終不可以爲榮，適足以 笑而自點耳。書辭宜答，會東從上來，又迫賤事，相見日淺，卒卒無須臾之間，得竭志意。今少卿抱不測之罪，涉旬月，迫季冬；僕又薄從上雍，恐卒然不可為諱。是僕終已不得舒憤懣以曉左右，則長逝者魂魄私恨無窮。請略陳固陋，闕然久不報，幸勿為過。
僕聞之：修身者，智之符也；愛施者，仁之端也；取予者，義之表也；恥辱者，勇之決也；立名者，行之極也。士有此五者，然後可以託於世，列於君子之林矣。故禍莫憯於欲利，悲莫痛於傷心，行莫醜於辱先，而詬莫大於宮刑。刑餘之人，無所比數，非一世也，所從來遠矣。昔衞靈公與雍渠同載，孔子適陳；商鞅因景監見，趙良寒心；同子參乘，袁絲變色。自古而恥之。夫以中材之人，事有關於宦豎，莫不傷氣，而況於慷慨之士乎！如今朝廷雖乏人，柰何令刀鋸之餘薦天下豪俊哉！
僕賴先人緒業，得待罪輦轂下，二十餘年矣。所以自惟，上之，不能納忠效信，有奇策才力之譽，自結明主；次之，又不能拾遺補闕，招賢進能，顯巖穴之士；外之，不能備行伍，攻城野戰，有斬將搴旗之功；下之，不能積日累勞，取尊官厚祿，以爲宗族交遊光寵。四者無一遂，苟合取容，無所短長之效，可見於此矣。嚮者，僕亦嘗廁下大夫之列，陪奉外廷末議。不以此時引綱維，盡思慮；今以虧形爲掃除之隸，在闒茸之中，乃欲仰首伸眉，論列是非，不亦輕朝廷，羞當世之士邪！嗟乎！嗟乎！如僕尚何言哉！尚何言哉！
且事本末未易明也。僕少負不羈之才，長無鄉曲之譽，主上幸以先人之故，使得奉薄伎，出入周衞之中。僕以爲戴盆何以望天，故絶賓客之知，亡室家之業，日夜思竭其不肖之材力，務一心營職，以求親媚於主上。而事乃有大謬不然者。
夫僕與李陵俱居門下，素非能相善也。趣舍異路，未嘗銜盃酒，接殷勤之餘懽。然僕觀其爲人，自守奇士，事親孝，與士信，臨財廉，取與義，分別有讓，恭儉下人，常思奮不顧身，以殉國家之急。其素所畜積也，僕以爲有國士之風。夫人臣出萬死不顧一生之計，赴公家之難，斯已奇矣。今舉事一不當，而全軀保妻子之臣隨而媒孽其短，僕誠私心痛之。且李陵提步卒不滿五千，深踐戎馬之地，足歴王庭，垂餌虎口，橫挑彊胡，仰億萬之師，與單于連戰十有餘日，所殺過當。虜救死扶傷不給，旃裘之君長咸震怖，乃悉徵其左右賢王，舉引弓之人，一國共攻而圍之。轉鬭千里，矢盡道窮，救兵不至，士卒死傷如積。然陵一呼勞軍，士無不起，躬自流涕，沬血飲泣，更張空弮，冒白刃，北嚮爭死敵者。陵未沒時，使有來報，漢公卿王侯皆奉觴上壽。後數日，陵敗書聞，主上爲之食不甘味，聽朝不怡。大臣憂懼，不知所出。僕竊不自料其卑賤，見主上慘愴怛悼，誠欲效其款款之愚，以爲李陵素與士大夫絶甘分少，能得人之死力，雖古之名將，不能過也。身雖陷敗，彼觀其意，且欲得其當而報漢。事已無可柰何，其所摧敗，功亦足以暴於天下矣。僕懷欲陳之，而未有路，適會召問，即以此指推言陵之功，欲以廣主上之意，塞睚眥之辭。未能盡明，明主不曉，以爲僕沮貳師，而爲李陵遊説，遂下於理。拳拳之忠，終不能自列。因爲誣上，卒從吏議。家貧，貨賂不足以自贖，交遊莫救視；左右親近不爲一言。身非木石，獨與法吏爲伍，深幽囹圄之中，誰可告愬者！此真少卿所親見，僕行事豈不然邪？李陵既生降，頹其家聲；而僕又佴以蠶室，重爲天下觀笑。悲夫！悲夫！事未易一二爲俗人言也。
僕之先，非有剖符丹書之功，文史星暦，近乎卜祝之間，固主上所戲弄，倡優所畜，流俗之所輕也。假令僕伏法受誅，若九牛亡一毛，與螻螘何以異？而俗又不能與能死節者次比，特以爲智窮罪極，不能自免，卒就死耳。何也？素所自樹立使然也。人固有一死，死或重於泰山，或輕於鴻毛，用之所趣異也。太上不辱先，其次不辱身，其次不辱理色，其次不辱辭令，其次詘體受辱，其次易服受辱，其次關木索、被箠楚受辱，其次剔毛髮、嬰金鐵受辱，其次毀肌膚、斷肢體受辱，最下腐刑，極矣。傳曰：「刑不上大夫。」此言士節不可不勉勵也。猛虎在深山，百獸震恐，及其在檻穽之中，搖尾而求食，積威約之漸也。故士有畫地爲牢，勢不可入，削木爲吏，議不可對，定計於鮮也。今交手足，受木索，暴肌膚，受榜箠，幽於圜牆之中。當此之時，見獄吏則頭搶地，視徒隸則心惕息。何者？積威約之勢也。及已至是，言不辱者，所謂彊顏耳，曷足貴乎！且西伯，伯也，拘於羑里；李斯，相也，具於五刑；淮陰，王也，受械於陳；彭越、張敖，南面稱孤，繫獄抵罪；絳侯誅諸呂，權傾五伯，囚於請室；魏其，大將也，衣赭衣，關三木；季布爲朱家鉗奴；灌夫受辱於居室。此人皆身至王侯將相，聲聞鄰國，及罪至罔加，不能引決自裁，在塵埃之中，古今一體，安在其不辱也！由此言之，勇怯，勢也；彊弱，形也。審矣！何足怪乎？夫人不能蚤自裁繩墨之外，以稍陵遲至於鞭箠之間，乃欲引節，斯不亦遠乎！古人所以重施刑於大夫者，殆爲此也。
夫人情莫不貪生惡死，念父母，顧妻子，至激於義理者不然，乃有所不得已也。今僕不幸，蚤失
，無兄弟之親，獨身孤立，少卿視僕於妻子何如哉？且勇者不必死節，怯夫慕義，何處不勉焉！僕雖怯懦，欲苟活，亦頗識去就之分矣，何至自沉溺縲紲之辱哉！且夫臧獲婢妾，猶能引決，況僕之不得已乎！所以隱忍苟活，幽于糞土之中而不辭者，恨私心有所不盡，鄙陋沒世，而文采不表於後世也。古者富貴而名磨滅，不可勝記，唯倜儻非常之人稱焉。蓋西伯拘而演周易；仲尼戹而作春秋；屈原放逐，乃賦離騷；左丘失明，厥有國語；孫子髕腳，兵法修列；不韋遷蜀，世傳呂覽；韓非囚秦，説難、孤憤。詩三百篇，大底聖賢發憤之所爲作也。此人皆意有所鬱結，不得通其道，故述往事，思來者。及如左丘無目，孫子斷足，終不可用，退而論書策以舒其憤，思垂空文以自見。
僕竊不遜，近自託於無能之辭，網羅天下放失舊聞，略考其軒轅，下至于茲，爲十表，本紀十二，書八章，世家三十，列傳七十，凡百三十篇。亦欲以究天人之際，通古今之變，成一家之言。草創未就，會遭此禍，惜其不成，是以就極刑而無慍色。僕誠已著此書，藏諸名山，傳之其人通邑大都，則僕償前辱之責，雖萬被戮，豈有悔哉！然此可爲智者道，難爲俗人言也。
，綜其終始，稽其成敗興壞之紀，上計且負下未易居，下流多謗議，僕以口語遇遭此禍，重爲鄉黨所
，以污辱先人，亦何面目復上父母之丘墓乎？雖累百世，垢彌甚耳！是以腸一日而九回，居則忽忽若有所亡，出則不知所如往。每念斯恥，汗未嘗不發背霑衣也。身直爲閨閤之臣，寧得自引深臧巖穴邪？故且從俗浮沉，與時俯仰，以通其狂惑。今少卿乃教以推賢進士，無乃與僕私心剌謬乎？今雖欲自彫瑑，曼辭以自飾，無益，於俗不信，適足取辱耳。要之，死日然後是非乃定。書不能盡意，略陳固陋，謹再拜。"
zh_25,07_c418958-32106952_html.txt,hard,《收获》2021年第3期｜袁敏：梦中的橄榄树（节选）--新作品--中国作家网,https://www.chinawriter.com.cn/n1/2021/0518/c418958-32106952.html,2026-04-17,chinawriter-end_article | Substantive literary excerpt from China Writer; extraction is clean. | Clean literary excerpt with narrative voice and register pressure.,private_dataset_only_manual_review_required,source_audit=pass; qa=pass; reviewed=2026-04-17,literary prose / excerpt,pass,"要爱光，光可以培养每个年青的心灵；要认识爱，爱可以温暖每颗孤寂的心；要信仰真理，真理可以指示一条到光明的路。
——巴金
楔子
月光出生在杭州下沙一个茅草丛生、落后贫穷的小乡村。她眼里的第一抹绿色，就是乡野里遍地都是的狗尾巴草。
村子的南边，有一条清澈的小河，一到春天，河水便开始丰盈起来。
月光就读的小学校，就在离河边不远的地方，虽然只是两间小茅屋，但幸运的是，她在这里遇见了自己生命中的第一个老师——高老师。高老师是返乡的知青，肚子里都是墨水，更重要的是，他爱这所小学校里每一个光着脚丫、满身泥巴的孩子。
高老师教会孩子们的第一件事情，就是去小河边拔茅针。春天来临，草芽冒尖，柳枝吐翠，这便是茅草发芽的时候。茅草的嫩芽，肥嫩鲜美、汁液清甜，月光和同学们一起，快乐地拔茅针、吮茅汁、剥茅肉，从来没有零食吃的孩子们，从此有了取之不尽的人间美味。
高老师真棒啊！他怎么就知道茅针是能吃的好东西呢？将来我能不能也像高老师一样有学问，教孩子们呢？
月光想当教师的梦想，就是在小河边拔茅针时埋下的种子，而后长出枝丫，最终生成了一棵蓬蓬勃勃绿意盎然的“橄榄树”，她自己也成为了钱塘江畔一所国际化学校的创始人。
人生基石的奠定，常常可能是你脚下不经意踩踏的土坷垃；拨弄命运琴弦的手，其实一直长在你自己的身上。
月光人生的第一份工作，是做乡村小学的代课老师，虽然这份工作只干了不到一年就被别人顶替了，但却让她触摸到了梦想的边缘。
那时月光刚满十八岁，在一所乡村小学，她既当班主任，又承担四年级一个班的语文、数学、思想品德等数门课的教学，很累，但她很快乐。
因为喜爱教师这个职业，所以从一开始她就特别认真，备课极其仔细，放学后送孩子们回家，同时一家家去走访，了解孩子们的家庭情况、生活情况、学习上遇到的困难等等。那时候乡村小学的老师流动性大，应付差事的多，很少有人对学生这么上心。月光性格温柔，说话又富有亲和力，很快就受到孩子们的喜爱。他们不仅上课认真听讲，下课也都喜欢粘着月光，甚至放学都不想回家。知道月光住在学校，晚饭以后还经常有许多孩子来学校找她，哪怕是在办公室门口看着老师备课批作业，他们也都很开心。
月光说，那是自己人生中最难忘的一段时光。但不久学校来了新老师，没有任何缘由就辞退了她。离开学校的那天，学生们一直拉着月光的手，孩子们都哭了，一路走一路流眼泪，走了几公里的泥路送她去汽车站，那些孩子也成了她生命中永远抹不去的牵挂。
这以后，月光干过不少工作，打字员、销售、排字工、记者、广告营销，但她心中从来没有放弃过做老师的梦想。
这个梦想最初很小，只要能回到学校，重新站在讲台上，继续给孩子们上课，她就会觉得无比快乐！但就是这样一个小小的梦想，实现起来却非常困难。
月光没有放弃，她一直执着地做着教师的梦。
2001年一月，她创办了“耕读缘”书吧，吸引了许多孩子来书吧读书。她请自己的作家先生大元给孩子们讲写作故事、辅导作文。作家讲写作与老师教应试作文截然不同，生动有趣，孩子们很爱听，写作水平也提高得很快。不久，听讲的孩子多起来，大元应对不了了，月光也开始上阵教学。起初完全是尽义务，到后来家长们都过意不去，建议他们干脆开办一个作文培训班，正式招收学生。
月光藏在心底多少年的教师梦，一下子又升腾起来，她想把命运的缰绳抓在自己手里。
两个月后，“耕读缘写作培训班”挂牌开张。一开始只有十几个学生，大元和月光轮番给孩子们上课。后来培训班名声渐渐传开，报名的人越来越多，大元工作忙，还要写作，月光就辞掉了报社的工作，一心一意办“耕读缘”。
自此，月光在真正意义上踏入教育这个领域，朝着自己的梦想，迈出了第一步。
几十年来，无论遇到怎样的困境，月光一直摸爬滚打在教育这个行当里， 从未退却。
从最初草建“耕读缘写作培训班”，到正式创办杭州耕读缘学校，数年之后，就将学校打造成杭州市、余杭区的两级优秀教育培训机构，每年在这里接受各种培训的孩子，累计有几百个班，数千人，教学内容也从写作扩大到各个门类。
可是，不知从什么时候起，月光的心情开始发生了变化。她看到许多家长带着孩子来报名，一报就是五六个班，有的孩子双休日几乎全部在培训班度过。她心疼那些孩子，觉得他们太累了，劝家长不要给孩子报那么多班。家长说，哪有像你这样的办学人，送上门来的钱往外推？
月光很无语，或许就在这个时候，一个新的梦想在她脑海里悄悄诞生了。她想办一所没有家庭作业、没有课外负担、释放孩子天性、诱发孩子好奇心、让孩子在快乐中成长的学校！
这个梦想或许有点太大了，甚至可以说有点狂妄！但是，梦想一旦产生，就再也无法退去。
当月光将自己梦想中的学校愿景和蓝图描绘给大元听时，这位做过数年中学语文教师的作家，心中也燃烧起火热的激情。他知道这些年来，月光一直脚踏实地地办着耕读缘学校，追逐着自己的教育理想，已经形成了独树一帜、与众不同的教育理念，现在她想创办新的学校，让自己的教育理念有一个更大的实践展示平台，这何尝不是他的教育梦想呢？他毅然放下手头的工作和写作，和月光一起走访调研了一批中外名校，吸收各种先进的教育经验，月光也更加坚定了自己心目中未来学校的办学方向。
在地中海一片绿色葱茏的橄榄树旁，月光和大元为将要创建的新学校定下了名字：北京外国语大学附属杭州橄榄树学校，他们有生以来最大的一个教育梦想，在橄榄树下生出了飞翔的翅膀。
从 2012 年到 2018 年，整整六年时间，二千多个日日夜夜，那是月光和她的创始团队全身心奋斗的日子。她暂时放下了已经越做越大的耕读缘学校，而将自己所有的精力和热忱，全部投入到谋划与创建橄榄树学校中去，学校的每一块砖、每一棵草、每一座教学楼、每一个实验室，大到体育馆、 天文馆、演剧场，小到食堂、宿舍、洗衣房，几乎无处没有滴落他们的心血和汗水。
她带领的创始团队，克服重重困难，组建了同业内令人叹服的师资队伍，制定了既吸收中国本土扎实的基础教学特点、又规避了现行教学体系的一些弊端，同时和世界接轨的中小学课程体系，并推出了一百多门选修课，引起了业内同行、家长和孩子们的高度关注与极大兴趣，首届就招收了五百多位高质量的新生，创造了高端私立国际化学校在创办伊始即声名鹊起、好评如潮的佳话。许多家长被橄榄树学校倡导的新颖的教学理念、开放的教学方法、超前的教学思维所深深吸引，他们对孩子进入这样的新型学校，或许能有另一种选择，开始一段崭新的学习生涯，充满了期待。
然而，她和先生大元虽有满腔的教育情怀，却毕竟财力有限，在创建学校的过程中，资金出现了巨大的缺口，无奈之下，只能向资本市场寻求合伙人。而资本市场上的一些大佬，早就对教育这块诱人的蛋糕觊觎已久，机会出现，自然不会放过，谈判似乎很轻松，双方一拍即合。
2017 年9月1日，在众人瞩目的光芒中，北京外国语大学附属杭州橄榄树学校，红红火火开学。
可月光万万没有想到，自从引进资本合作之后，身边就埋下了隐患。对月光来说，办学校是她人生的教育梦想；而在资本合伙人眼里，教育则是值得投资的创利项目。理念的不同，必然产生矛盾，分歧出现时，完全心系教育的她，根本没有时间和心思往深里去探究，结果导致了不可调和的冲突，最终被资本大佬强势碾压出局，本以为可以为之奉献生命的教育梦想，被无形的拳头击得粉碎。
一个视教育为生命的人，一个全身心投入办学的创始人，却被董事会莫名其妙地边缘化，甚至无奈地成为学校的局外人，这种撕心裂肺的痛，向谁述说？谁能理解？她想不通，一所学校，究竟是钱大，还是教育大？有朋友劝她退出学校算了，就当是和橄榄树谈了一场恋爱，现在失恋了，失恋有什么了不起？时间长了肯定会慢慢走出来的。你这样呕心沥血，把身体搭进去，不值当！可她说这不是失恋！对她来说，橄榄树就像亲生儿子，儿子被抢了，做娘的要疯！自己已经五十岁了，人生还有多少年？教育平台没有了，此生的教育梦想还怎么去实现？再重建一个学校又力不从心，现在的她什么都不想做，也没法做，走到哪里都是橄榄树的影子，真的太痛苦了！
得知月光和橄榄树的现状，我感到十分意外和吃惊。两年前，我第一次见到橄榄树的情景，至今还历历在目……
这期间，究竟发生了什么？
相遇
2019年夏天，当我第一次和橄榄树学校相遇时，我被这所美丽的学校迷住了。"
zh_26,31_siqinge_rile_profile.txt,hard,歌词只有一句 斯琴格日乐“向世界问好” -新华网,https://www.news.cn/ent/20230213/16397b61d04542c0b3e19bd2a56e32bb/c.html,2026-04-17,"Xinhua feature/profile extraction (cleaned excerpt) | Substantive music-profile prose with quotes, career retrospective, and media-style profile framing. | Culture profile is clean and aligned with the interview/profile family.",private_dataset_only_manual_review_required,source_audit=pass; qa=pass; reviewed=2026-04-17,culture profile / music feature,pass,"2023年除夕之夜，歌手斯琴格日乐在东京塔演唱了新歌《你好！》，用52个国家的问候语，温暖不同地域不同文化背景的人们。这首新歌是斯琴格日乐自己作词作曲的，她希望以此去鼓励人们在经历疫情打击之后坚强地站起来，满怀信心地去面对未来。

25年前，当她刚刚站在北京一家酒吧里开始驻场演出时，虽然不知道未来会是什么样，但她知道这是自己人生的新起点。

1998年，斯琴格日乐在酒吧驻场演出。一整年的酒吧驻场经历，让斯琴格日乐积累了丰富的舞台经验。2000年她签约正大国际唱片，发表了第一张专辑《新世纪》，此后音乐道路走上坦途。发专辑、拿奖、上春晚，备受关注，她也以特有的高亢嗓音、创作才华、蒙古族文化底蕴奠定了自己在摇滚乐坛的地位。

回忆起那段酒吧演出的岁月，斯琴格日乐说，那一年发生了很多令她至今难忘的故事，何勇、高旗等等都是在那里初见的。

那一年，斯琴格日乐作为贝斯手在北京一家酒吧驻场一年多。乐队队长是李晓东，吉他大柳，鼓手谈心，女键盘手金娃以及歌手张林。那时候的酒吧生意极好，演出工资也不菲，一个月大约能拿到6000元，除去交房租，保障正常的生活不成问题。

斯琴格日乐清楚地记着第一次见何勇时的场景以及他对她说的话。
当时斯琴格日乐和乐队正在台上演出，何勇坐在吧台，自己喝了一瓶酒。在乐队演奏的间歇，何勇托人给斯琴格日乐带话，让她来吧台见一面。但当时斯琴格日乐还不认识何勇，只是知道有这样一位著名的摇滚歌手。
何勇当时只说了一句话，深深地触动了斯琴格日乐，“他说我是何勇，然后他说：像你这么优秀的乐手，在这儿待着太可惜了。然后扭头就走了。”

何勇的这句话，让斯琴格日乐想了很久，想了很多。当时，很多摇滚人觉得做摇滚就是要纯粹，不能媚俗，所以宁可饿肚子也不愿去酒吧演出。但是一个女孩如果饿着肚子去追梦，显然也是不可能的，“我觉得这跟我做音乐没什么太大的冲突，毕竟人要先吃饭、先活命。”

从1990年组乐队至今，斯琴格日乐入行已经30多年，从自学乐器到北漂在酒吧驻场，再到成为家喻户晓的摇滚歌手，如今成为了在音乐编曲方面把控能力超强的专业音乐人。斯琴格日乐说，这是这些年不断努力学习、熬夜钻研才达到的，这种成就感比起自己曾经是一个很火的明星要大得多，并且现在关注的点都是在音乐上，而不是名与利。

随着年龄的增长，做音乐也越发地得心应手。“虽然觉得精力大不如前，这样的状态也很正常，但在音乐上，反而一直保持年轻的状态。我觉得因为这么多年的积累和每一次的实践，包括我的《织谣》在舞台上的历练，会让你在音乐上更成熟，更有灵感，做音乐的时候更得心应手。”

这几年，斯琴格日乐专注于少数民族古老歌谣系列专辑。只有在音乐的世界中，她才会忘却所有，抛开一切束缚。虽然偶尔也会有来自年龄、事业上的危机感、焦虑感，但这些也都能正视。她认为，每个年龄段都会有焦虑，只是状态不一样，未来要把日子过成什么样，只有自己可以决定。

2019年，斯琴格日乐创作了一首多民族语言歌曲《你好》，歌词集结了45个民族的语言“你好”，被网友称为“教科书级别的神曲”——学会了这首歌，就相当于可以用45个民族的母语打招呼了。

斯琴格日乐说，创作歌曲的初衷就是，哪一句话能让不同种族、不同语言的人都会微笑着说出口？就是“你好”。“你好！就像一个打开人类封闭心灵的微不足道却又最有效的钥匙。”

两年后，斯琴格日乐又萌生了唱世界语《你好！》的想法。这首歌的创作过程也不同于以往，斯琴格日乐搜集了52个国家表示“你好”的语言，这项工作并不简单。最初用的是翻译软件，虽然很容易就能找到不同国家表示“你好”的词，但是后来发现，有些词并不贴切，因为当地人并不这么说。这样的话，这首歌就失去了它的意义。在这个过程中，一位歌迷帮了很大的忙，“他当时在法国学习各国的小语种，他帮我搜集了大部分的语言，我自己搜集了一部分。”搜集工作完成以后，还请了专业人士帮忙把关，但是有一些偏远国家的语言很难找到相关专业的人，就只能一遍一遍地看视频，去模仿当地人的口型发音。

《你好！》除了不同语言的“你好”，歌词只有一句“我们要让这世界变得更加美好”，直接点题。这首歌让各个国度不同语言的问候语汇聚在一起，传达世界和平美好的旋律。“我以为任何不同语言的‘你好！’人们都会微笑着说出口。向世界问好，收获的依然是笑脸。”"
zh_27,02_1012917.txt,hard,家常煎牛排万能公式（内含多个实用小贴士）,https://m.xiachufang.com/recipe/102188206/,2026-04-17,"replacement recipe page extraction (cleaned) | Replaced the short tomato-and-egg recipe with a longer steak how-to that includes ingredients, ordered steps, and process commentary appropriate for the hard procedural slot. | Longer recipe capture with ingredients, ordered steps, and process commentary.",private_dataset_only_manual_review_required,source_audit=pass; qa=pass; reviewed=2026-04-17,recipe / procedural,pass,"反复看了很多资料和视频，把大部分注意事项都记录在这篇菜谱。特别要说明一下，牛排最宝贵的就是表面焦化层和内部柔软的对比口感，千万不要看到外表黑乎乎就认定这块牛排不好了。

用料：
牛排（此处选择是西冷和肉眼） 2块
黑胡椒 适量
盐 适量
食用油 适量
黄油 1小块
配菜 随意搭配

做法步骤：
1. 回温。牛排需要提前解冻，建议前一晚先从冷冻放置冷藏，制作时从冷藏拿出放置至室温。这里选用的是肉眼牛排和西冷牛排，是品质较好也是家庭烹饪中常用的两种牛排。肉眼肥瘦相间，是牛排中最肥美的部分，汁水也较多；西冷肉质较瘦，一侧带着筋，是牛排中最有嚼劲的部分，价格相对肉眼低一些。
2. 调味。原切牛排一般不建议冲洗，可直接调味；如果特别介意，冲洗后要用厨房纸吸干水分，但会丧失一些风味。表面均匀地抹上一层盐，再撒上现磨胡椒，翻面同样操作。
3. 抹油。用刷子在牛排两面分别抹油。
4. 热锅。将锅加热至非常烫，当用手撒一点水在锅上，水珠跳跃般地烧开就可以了。锅子选择保温性较好的厚锅，铸铁锅最佳。
5. 煎牛排。直接放入牛排，因为牛排已经抹过油，所以不需要额外加油。过10秒左右将大火调至中火，不要翻动牛排，让其表面先有一层焦化。不同厚度的牛排时间都有区别，翻面前可以用锅铲感受下肉弹不弹。
6. 翻面。一面煎好后翻面，第二面煎到半分钟的样子加入一小块黄油。黄油是容易焦化的油，此处加入黄油，是为了弥补第二面焦化不足的问题，牛排表面的焦化层和内部的柔嫩形成的反差，才是牛排真正好吃之处。
7. 侧面煎。西冷因为一侧有筋，所以有筋部位再单独煎一会。如果是菲力则不需要这一步；肉眼的话可以在油花多的地方再微微煎一下。
8. 醒牛排。牛排煎好后需要醒一会，如果此时直接装盘，切开时就会发现汁水四溢。醒牛排是为了更好地锁住内部水分，醒的时间和煎的时间差不多。冬天室温低时，可以将烤箱开到40度，在烤箱里醒牛排，或者表面盖上锡纸。
9. 肉眼建议5分熟。另一块肉眼可调整至一面1分半、另一面1分钟，大概就是5分熟的样子，饱含肉汁。
10. 制作配菜。配菜完全按个人喜好选择，这里可用西兰花、玉米、胡萝卜和圣女果，像土豆、西葫芦也都是不错的选择。
11. 切蔬菜。将玉米切块，胡萝卜切片，西兰花切小朵，圣女果备用。
12. 煮蔬菜。因为玉米相对来说煮得时间更久，所以先下。锅子放入几滴油和一小勺盐，煮出的蔬菜颜色会更鲜艳。
13. 放其他蔬菜。等到玉米煮得差不多了就下其他蔬菜。
14. 无油煎烤。将煮好的蔬菜沥好后放在无油的锅子上烤十几秒，增加一些炭烤风味，这一步可省略。
15. 摆盘。将醒好的牛排和配菜一起码放起来即可。

小贴士：
牛排不需要提前腌制，腌制反而会导致水分流失。煎制过程里最关键的是先把锅烧热，再控制火力、时间和醒肉步骤，这样才能兼顾表面焦化和内部多汁。"
zh_28,32_drone_flight_guide.txt,hard,【无人机教室】手把手，教你如何由小白变飞手（初班） | 爱范儿,https://www.ifanr.com/652104,2026-04-17,"article paragraph extraction (cleaned excerpt) | Dense stepwise无人机 guide with control terminology, safety constraints, and procedural precision. | Technical how-to excerpt is clean and suited to procedural translation evaluation.",private_dataset_only_manual_review_required,source_audit=pass; qa=pass; reviewed=2026-04-17,technical how-to / procedural,pass,"欢迎大家回到爱范儿的无人机教室！

爱范儿的无人机教室，继上次教大家如何挑选合适的无人机、如何挑选廉价的小四轴作训练机、以及起飞前的各种准备之后，这回我们来到正式的实战，手把手教你如何由小白变飞手。

这个训练课程分为三大部分，由浅入深让你自信满满地飞行。

好了，当大家把无人机放好，遥控拿上手后，敬请再次确认：你的无人机方向正确吗？

尽管绝大部分无人机均四四方方、哪边看起来都是一样，但实际上它还是有一个“机头”。一般来说，镜头面对着的方向就是无人机的前方，或者叫做“头”。

除了镜头之外，无人机一般也有信号灯来让飞手辨别方向：以大疆的精灵系列、或是零度的探索者系列为例，红色灯为机头，绿色灯为机尾。但不同的无人机，可能会以不同的信号灯来识别无人机的“头”和“尾”。

当你清楚知道无人机哪边是头、哪边是尾，请先让无人机的机背对着自己，无人机的镜头方向向我们视线方向一致（正向）。然后，确保你所处的室外空间足够空旷（新手绝对不要在室内飞行），你与无人机最少距离5米，就可以准备起飞了。

起飞了，大家可以轻轻地、慢慢地推左杆“向前”或“向后”，无人机就会上升、下降。今天绝大部分消费级无人机，都是默认用左杆来控制上升和下降，以这种俗称“美国手”。

现在，让我们为了安全起见，大家请先把无人机升上3到5米的高度。即使操作失误，也不容易撞到行人。然后再慢慢地把左杆轻轻地往左、右拨，大家就会见到无人机的机头指向会改变，就好像我们在摇头一样。

当大家认识了左杆的基本操作后，记得拨动左杆让机背对着自己，机头对着我们眼睛的方向。然后我们才认识如何操作右杆：当无人机的机背对着你、机头方向与你的视线一致，你的右杆推前，无人机就会向“它的前方”飞行；右杆推右，无人机就会向“它的右方”飞行。

务必注意的是：无论左杆或右杆，其操作方向不是基于你的方向，而是基于无人机的方向操作。如果无人机的指向不同了，操作方式就会完全改变。

尽管今天不少无人机都有所谓的“无头模式”，但这种无头模式操作一样容易出错，而且也不是个长远的方法。要认真的学会无人机，首先要学会在不同的指向下，也懂得操作无人机。因为在我们的经验里，新手发生的意外，绝大部分都是因为方向错乱。

以下图为例：当无人机的“机头”对着自己，届时右杆的前、后、左、右也会跟着机头指向完全改变，变成推前往后飞、推左向右飞。而当无人机的侧面对着自己，当你右杆推前，无人机就会向左飞、推左就会往后飞。

大家可以想象一下那种方向感：你其实不是透过遥控器操作无人机，而是坐在无人机里操作无人机。

飞无人机，最重要的基本功是搞定方向感，大家可以先按上图的方式，简单先练习一下。当你大约熟习了不同指向的操杆方式，我们就要开始比较复杂的“日”字形飞行。

练习时最重要的是：动作要慢，也不要紧张。只要无人机有自稳能力、地方也足够空旷，只要松开摇杆，无人机就会自己停下，不会那么容易飞丢。"
zh_29,20_newsDetail_forward_32975767.txt,hard,互联网养虾人尝到的甜头和苦头_澎湃号·湃客_澎湃新闻-The Paper,https://www.thepaper.cn/newsDetail_forward_32975767,2026-04-17,trafilatura | Main article body is intact and platform disclaimer/footer boilerplate were removed. | Feature article is clean and offers clear technical and stylistic translation pressure.,private_dataset_only_manual_review_required,source_audit=pass; qa=pass; reviewed=2026-04-17,culture feature / tech-consumer reporting,pass,"互联网养虾人尝到的甜头和苦头
“「养虾」，正在成为打工人的常态，因此也产生新的日常开销，甚至新的风险和成本。”
撰文｜程佳
编辑｜翟文婷
小鹿向新莓回忆起不久前的一场AI小事故，仍然心有余悸。
小鹿在北京一家媒体负责运营，一个人管理着三个账号。她对没有用上AI智能体之前的生活有一个精准的形容，「每一项工作都不难，但加在一起就是搞死人。」刷信息流找热点、汇总写文案、配图发布、回复评论……每天循环往复，停不下来。
「龙虾」的出现，一定程度上让她从这种琐碎和重复中解放出来，但同时也给她带来灾难。
前段时间，小鹿养的「虾」追了一个敏感热点，自动发出去了，结果触发「无形的手」干预，当天不仅帖子被删，账号也被限流三天。
小鹿不是个例。养一只「虾」，正在成为越来越多打工人的常态，因此也产生新的日常开销，甚至新的风险和成本。
国盛证券研报数据显示，中国整体日均Token消耗在2024年初仅为1000亿，到2026年3月已突破140万亿，两年多时间增长了超过1000倍。
而根据IDC预测，中国活跃智能体数量将在2031年突破3.5亿，年复合增长率高达135%以上，伴随任务密度与复杂度提升，智能体Token消耗将迎来年均超30倍的指数级跃升。
Token，也正成为继流量之后，又一项悄悄进入生活成本的基础支出。
而这只横空出世的「龙虾」，究竟会成为打工人的效率杠杆，还是食之无味弃之可惜的新型吞金兽？
01 养虾的甜头和苦头
年前，旁听了一场业内关于AI应用的分享后，小鹿和同事在老板的号召下，试着搭建了一套小红书自动化链路。
给「虾」一句话指令，它自己去追热点、写文案、做封面、定时发布。「早上起来直接审稿就行，不用自己泡在信息流里了。」小鹿告诉新莓，这套流程解决了她日常工作大概七成的重复劳动，剩下的三成卡在封面上，「AI生成的图总跟文案差点意思，而且平台对AI图有限流，所以还是得自己经手再过一遍。」
「虾」是AI智能体在用户圈子里的通行叫法。
与普通AI对话产品不同，它能自主规划任务、调用外部工具、自动执行完整的工作流，不只是回答你的问题，还替你把事情做完。
2026年初，OpenClaw的出现成为这波热潮的重要引爆点。这款可在用户自有设备上运行的个人AI智能体助手一经推出即在全球广受欢迎，GitHub星标数在极短时间内飙升登顶，超越了React、Linux等历经数十年积累的开源传奇。之后国内开始出现各种「虾」同类或变种。
OpenClaw的Github星标数快速飙升；来源：OpenClaw社交平台
数字足以说明这场热潮的体量，背后则是职场打工人对「养虾」无法抵挡的热情。
独立开发者陈博一个人负责维护好几个项目，有些代码因为年代久远没时间重构，但放着又心神不安，总担心不知什么时候就卡BUG了。「重构要整块时间，但整块时间永远挤不出来。」
浪潮来临，陈博养了一只专门用于解决工作问题的虾，把重构任务拆碎扔给虾，「它能读写文件、执行Shell命令、SSH到其他机器，跟我自己在终端里能干的事基本一样，我早上来看结果、审代码、做决策。」
而且他让这只虾专门在夜间工作，原因很简单，「闲时Token省钱，还不卡。」
如果说陈博养的是一只「实习程序员」，那上海的产品经理林然则给自己养了个「实习分析师」。以前，林然每个周末都要加班，花上几个小时，刷遍知乎、小红书和应用商店的评论，手动筛选出提到竞品的内容，整理成报告，以便在周一例会上向老板汇报。
现在，他让「虾」每天早上自动跑一遍，把结果总结成简报推送到飞书，他只需要做最后的审核。「之前都得靠自己收集整理，但现在自己只需要审核AI整理的结果即可。」林然坦言效率提升巨大。
同样在上海，私募研究员张恒则用「虾」来盯盘和筛选研报。他白天忙于开会和见客户，无法持续监控市场，过去完全被动地依赖微信群里的信息流。现在，每天都会有一套定制化的市场信息简报定时推送给他。
四个人，四种用法，但交给「虾」的活儿却高度一致，多为重复的、格式化的琐事。正如麦肯锡2025年全球AI调查显示，AI真正大规模渗透的场景，集中在流程清晰、标准化程度高、数据充分的领域。上述几位养虾用户，无不如此。
然而，「虾」也不是那么好「养」的。
小鹿遭遇AI事故之后，意识到「全自动发布风险太大。」她现在改成先把生成内容写入文件夹，人工审完再发，「宁可多一步，不然连主号都得搭进去。」
林然踩的坑则是「信任过头」。
有一次他让「虾」整理一份竞品功能对比，输出的内容看起来条理清晰、论据充分，但有两个核心功能点竟是AI「幻觉」出来的，竞品根本没有。「我直接把报告发给了老板，好在我发现纰漏时老板还没认真看报告，不然得当场社死了。」从那以后，他给自己立下铁律，所有对外报告，涉及具体功能、数据和引用，必须人工进行二次核对。
张恒虽然自己还没踩过坑，但一个发生在同事身上的案例，让他当即就去重新检查了自己的所有配置。
他的同事当时给「虾」的指令是「检查收件箱，给出存档或删除的建议，但在我批准前不要执行任何操作」，但因为邮箱信息量过大，触发了AI的上下文压缩机制，「虾」把那句关键的「未经批准不得操作」忘掉了，开始无差别地删除邮件。
听闻此事后，张恒至今仍然后怕。他第一时间把自己的配置翻了一遍。所有删除、发送、修改类操作的权限全部关掉，虾只能读取和整理，不能主动执行写操作。
在这些「调教」过程中，其实都指向一个所有养虾人必须接受的现实，即养虾的前期成本，远不止金钱。
02 养虾之前，先算账
先从一个最简单的动作说起，一句「你好」大约消耗1.2个Token，开支不到1厘钱。
这个数字看起来微不足道，但当「虾」开始自主执行一个囊括读取文件、搜索信息、分析结果、生成报告的多步骤任务，便可轻松消耗数万乃至数十万Token。财新曾报道，一只「勤奋的虾」，每天的Token开销可以轻松达到数百元。
陈博掰着手指算过自己的账：「月均开支稳定在两三千，高频月份冲到四千出头。模型API占大头，其次是云服务器的算力费用，硬件折旧还没算进去。」但他对这笔钱的态度很坦然：「如果请实习生，最少三千块，还得花时间带。虾不用带节约沟通成本，甚至白天黑夜都能干。」
这笔账能不能算赢，很大程度上取决于用的模型。
根据llm-stats.com的追踪数据，GPT-4级别的API推理单价从2023年初约每百万Token 30美元，三年间已降至不足1美元。但各模型之间的定价与能力差距仍然显著，其中顶级国际模型如Claude Opus 4.6、GPT-5.4，每百万Token输入约108至180元人民币；国产主流旗舰在8至15元之间；优化过的轻量级模型，则低至每百万Token 1至4元。
值得注意的是，OpenRouter显示，本月消耗量排名靠前的Qwen3.6 Plus（free）和Step 3.5 Flash （free），都依托免费或极低价格驱动了大量调用，说明性价比已成为决定流量分布的核心变量。
资深开发者和AI从业者花叔在《OpenClaw橙皮书：从入门到精通》中也提及如何「成本控制」，「从Claude Sonnet切换到『Sonnet→Haiku→DeepSeek』三级Fallback链，可以降低80%—95%的API成本。大部分简单任务（问候、查天气、简单查询）会自动走最便宜的模型，只有复杂任务才会用到主力模型。」
来源：《OpenClaw橙皮书：从入门到精通》
换言之，对于Token高消耗使用者来说，「分层使用」势在必行。
陈博最初全程使用Claude Sonnet，两个月后一算账，发现近一半的简单任务用更便宜的DeepSeek就足够了，开始分层之后账单立减一半。
他给任务定了明确的触发规则，日常的代码注释、文件整理、日志分析，用DeepSeek V3.2，够快够便宜；需要多步推理的代码review，用Claude Sonnet，在工具调用和指令遵循上更稳，一次跑对比反复返工要值钱得多；遇到系统架构设计才切Claude Opus，答错了代价很高，费用会剧增。
张恒则按文档长度分模型使用，像短任务处理就用DeepSeek，整份研报处理则用Kimi，「200K上下文是Kimi的核心优势，一份研报塞进去不用分段」。而需要复杂推理任务时，张恒会手动切Claude Sonnet，「只订阅了Claude的pro会员，所以平时会省着用。」
但就在用户努力压低成本的同时，价格正在从另一侧悄悄上涨。"
zh_30,18_newsDetail_forward_2488152.txt,hard,城市漫步｜10月上海活动推荐_市政厅_澎湃新闻-The Paper,https://www.thepaper.cn/newsDetail_forward_2488152,2026-04-17,trafilatura | Main The Paper article body is intact and extraction artifacts/footer boilerplate were removed. | Event-listing prose is coherent and translation-relevant even though it includes dates and signup details.,private_dataset_only_manual_review_required,source_audit=pass; qa=pass; reviewed=2026-04-17,regional feature / city activity list,pass,"城市漫步｜10月上海活动推荐
10月是更加关注社群的月份。城市记忆素材展，社区花园参与式更新，改革开放40周年相关活动逐一展开，电影展映与摄影展览目不暇接。
特别推荐 / Introducing
衡复微空间系列活动
活动一：改革开放40年城市行走
时间：2018年10月-11月中周六下午13:30-16:30
本次活动策划将围绕着“改革开放40年”的主题，结合文献资料，口述历史和生活体验，用精心设计的路线来带领大家探究这一地区近40年来的衣食住行的改变，以及这些日常生活元素所代表的城市文化变迁。
活动二：写生上海——历史街区的店铺百态
时间：2018年10月13日 、10月20日（暂定）
为了让“衡复微空间URBANCROSS”注入更多“在地性”的文化因素，我们联合写生上海主办两次写生活动，征集大家的作品，鼓励喜爱绘画的居民，拿起画笔记录承载共同记忆的沿街店铺，通过描绘百态众生，梳理并串联起这个地区丰富的历史、文化和艺术。
活动三：Camila Pinogay个展“失物招领”
时间：2018年10月12日-10月28日
Camila Pinogay的作品就好像是让观众打开一个办公室或者学校的失物招领箱。这些物体似乎在时间上静止不动，可是一旦被发现，它们就开始传递内在的力量，这种力量使它们在科技发达的今天依然没有被淘汰，仍然可以使用。他们把自己变成考古作品，让观者体会到蕴藏在每一件作品中的记忆。
衡复微空间地址：东湖路37号
详情及报名方式：关注“衡复微空间”同名微信公众号获取
怀斯曼纪录片《书缘：纽约公共图书馆》上海放映活动
时间：2018年10月20日（周六）15:00-20:00
地点：上海市黄浦区方浜中路265号号豫园商城华宝楼3层吾同书局
映后谈嘉宾：汤惟杰、王恺顺
报名方式：关注微信公众号：谷雨影像GuyuVision，后台回复关键词【图书馆】自动获取报名链接。
伟大历程——改革开放40周年主题电影展
影展将展映40部影片，其中20部是上影出品的现实主义经典作品，如《小街》、《横竖横》、《股啊股》、《大桥下面》等，20部是十八大以来上海出品的新时代精品电影。目前10月展映电影可在各影院现场或通过淘票票购买。详细排片表见下图
愚人书市第18回：狄兰·托马斯诗歌与纪念尤其当十月的风：有人让我塑造你，用秋天的字符
书市期间还将举办DYLAN THOMAS纪录片放映（周海明），诗歌朗诵（周海明），根据DYLAN THOMAS朗诵录音重新创作的音乐现场表演（徐程），乐队现场表演（复兴岛乐队）等多场活动
时间：2018年10月13-10月14日，12:00-21:00
地点：上海市静安区愚园路68号晶品购物广场帐篷及B2层。
详情及票务：请关注“愚人书市”同名微信公众号获取
粟上海系列活动
“粟上海”取刘海粟之“粟”与塑造之“塑”谐音，是由刘海粟美术馆发起的公共艺术与社区营造计划。将公共艺术植入城市微更新和社区营造，通过空间改造、艺术创意、社区互动有机融合，激发建筑活力、提升社区品质、完善城市功能、构建美好生活。
“粟上海”的首个空间“粟上海社区美术馆”即将诞生于充满人文艺术气息的愚园路，由弄堂漫游、社区影像、社区读书会和工作坊等组成的愚园路街道“粟上海”公众开放活动将为社区美术馆的落地打下良好基础。
时间：2018年10月至11月
地点：愚园路及其周边区域
详情及报名方式：关注“刘海粟美术馆”微信公众号获取
步行/Walk
城市漫步·定海周
10月之中，我们将用一周时间来关注上海市定海街道及其周边区域，“定海周”将由至少两次行走及不定时社群串联计划/漫步驿站/闲散漫步工作坊组成。
时间：10月20日至28日
地点：定海街道及周边区域
详情及报名方式：关注澎湃新闻“市政厅”栏目或“市政厅”微信公众号获取最新信息
寻找上海——上海历史博物馆环人民广场馆外导览
开埠前，人民广场还是一片泥泞的农田。百年沧桑巨变，这里见证了无数政治事件，
见证了都市的繁华与城市的变迁。站在人民广场，就好似站在上海历史的剖面上，每一条道路，每一栋建筑，都见证了这座城市的过去。在这凉爽的日子，让我们一起散步，回溯上海的发展历程。
时间：
2018年10月6日14:00-16:00 志愿者 冯凌 主讲
2018年10月7日14:00-16:00 志愿者 刘煜颖 主讲
集合地点：南京西路325号上海市历史博物馆|上海革命历史博物馆一楼服务台
报名方式：请关注“上历博上革博”官方微信，进入菜单栏“参与历博”—“亲子会”报名预约，每位报名者占据一个名额
外滩建筑开放活动
开放时间：根据每幢建筑情况而有不同
开放地点：外滩源1号、和平饭店、中国银行大楼、浦发银行大楼、上海市档案馆外滩馆、上海电信博物馆，上海总工会大楼
参与方式：关注“黄浦最上海”微信预约参观，每月26日开启下月预约通道
【趣友集】系列活动
长宁地名寻踪-安和寺不是一座庙
时间：2018年10月1日
看点：上生新所里的老与新；邬达克旧居；哥伦比亚住宅圈；梅泉别墅 vs 外国弄堂。
梧桐漫步法租界 - 贝当区的大亨与大炮
时间：2018年10月3日
看点：贝当路vs衡山路；大亨vs大炮；法国帅哥事务所vs赉安洋行；苗族最后一位公主的住所。
「虹口拾遗」系列 - 日本庙和基督教
时间：2018年10月5日
看点：百年武进路；老虹口的日本庙；虹口的老电影院；基督教景灵堂；上海最早的西市医院（公济医院旧址）；介绍沿途落地美食。
默线
时间：2018年10月7日
看点： 只在活动当天揭晓地点的神秘路线
老西门
时间：2018年10月20日
看点： 现存的上海古城墙；大境阁里的历史遗迹；各种石库门和小弄堂；清末风月场所的现在。
愚园路东线
时间：2018年10月21日
看点： 走愚谷村-陈家花园-沙逊洋行房群-贤邻别墅-愚园坊-四明体育弄，看百乐门-静安寺救火会-市西中学-孔祥熙公馆-兰畹，忆刘长胜故居。
详情及报名方式：请关注“趣友集”微信公众号获取
上海老房子俱乐部系列活动
10月3日 娄承皓：徒步老城厢
10月21日 吴飞鹏：徒步四川北路
10月28日 娄承皓：新场古镇之旅
10月28日 吴飞鹏：徒步复兴西路
详情及报名方式：关注上海老房子俱乐部同名官方微信（ID：shartdecoclub）
穷游网最世界City Walk
10月1日、3日、4日、5日、6日、7日、13日、20日：武康路—老上海风情的缩影
10月2日、5日、8日、20日：苏州河—上海的母亲河
10月1日、2日、3日、4日、5日、6日、7日、21日、28日：漫步静安—十字街头
10月6日、7日、13日、27日：虹口且介—黄金与黑铁
10月13日、20日：漫步人民广场 – 风云“跑马场”
报名链接：http://z.qyer.com/all_0_0_11_11595_141_0_0/?_channel=citywalk&_type=channel#anchor_filtrate
稻草人旅行CityWalks
10月1、21日：西区故事 | 贵族西区的娱乐生活与朋友圈
10月1、5、12、20日：罗曼蒂克消亡史
10月2、14日：黄金时代
10月2、6/17日：白相大世界 I 曾经的网红游乐场与周边的文化历史
10月3、7、21日：行走苏州河
10月3、10、19日：秘境跑马场（夜线）
10月4、13、20日：外滩源1843（夜线）
10月4、13日：七分之五的爱
10月5、19日：逛吃清真集市
10月5、14日：洋房与玫瑰
10月6、20日：情迷法租界
10月7、21日：虹口方舟 | 犹太人在上海
详情及报名方式：关注“稻草人旅行”官方微信微旅行栏，或访问“稻草人旅行”官方网站
讲座/Talk
新与旧的共存：釜山瀛洲公寓策展实践瀛州公寓艺术空间（Yongju Mansion）成立于2018年4月，该艺术空间位于釜山市中区瀛州洞一座建造于上世纪60年代的旧公寓楼内。该区域最早由釜山市开发，原为朝鲜战争时期的避难所，停战后逐渐成为一片住宅区。瀛洲公寓一带如今仍居住着众多居民，此地也是近年城市发展规划过程中被规划为亟待再开发的区域。在这个地区生长的瀛州公寓艺术空间更倾向于让新的艺术与文化在与原来的一切共存的基础上，渗透到此处居民的生活之中。在本次讲座中，瀛州公寓艺术空间联合创始人李奉美将与观众分享这个艺术空间的故事，同时探讨城市发展过程中艺术实践与历史、社群之间的关系。"
zh_31,08_c418925-32686461_html.txt,hard,《人民文学》2023年第4期｜叶杨莉：水鬼（节选）--新作品--中国作家网,https://www.chinawriter.com.cn/n1/2023/0515/c418925-32686461.html,2026-04-17,"chinawriter-end_article | Substantive fiction excerpt from China Writer; extraction is clean. | Clean fiction excerpt with dialogue, colloquial phrasing, and voice-sensitive narration.",private_dataset_only_manual_review_required,source_audit=pass; qa=pass; reviewed=2026-04-17,literary prose / excerpt,pass,"叶杨莉，一九九四年生于福建永安，现居上海。作品发表于《当代》《上海文学》《西湖》《青年文学》《福建文学》《萌芽》等杂志。著有短篇小说集《连枝苑》。现供职于华东师大中文系。
水鬼（节选）
叶杨莉
不远处，那人在招手，四肢展开，像一只章鱼。季昆转身看了看身后，对着花坛掐灭手上的烟。一抬头，那人就走近了，开口就问，能搭个车不？季昆皱了皱眉。那人穿着虽朴素，但干净，皮肤黢黑，普通的劳动者模样。似乎担心被直接拒绝，那人掏出了手机，拨开屏幕上的裂缝，打开一个软件。他说自己搭的顺风车，但开到这个服务区车子出了故障，司机遣散了车内几人。路途遥远，他只能在停车区寻找一位面善的司机。
俺听你讲电话，寻思你也是河南老乡，看着面善，说不定有缘。两人搭话一会儿，季昆发现那人的目的地离自己老家并不远，从此地出发，走个若干小时也能到达，但麻烦的是自己也赶路，老家有事。那人把包甩下，皮夹里掏出几张红票，不由分说往季昆怀里塞。季昆被那人吓了一跳，这年头，谁身上还带着纸票。他原地站着，把一支新烟抽个干净，拍干净身上的烟灰，打开了后座车门。
老哥，季昆对那人说，副驾驶有猫，后座东西多，将就坐坐。车内已被各式行李填满，那人动手推开堆积的行李箱，挪了挪脚边的一箱牛奶，终于安稳落座。那人对着季昆比了一个大拇指，年轻人，我就看你可靠。季昆坐上驾驶座，打开四边的车窗，副驾驶座上的黑猫又隐了形。他叩了叩背包，手指伸进透气孔，摸到了柔软的皮毛。那人在后座问，这是什么玩意？季昆笑了笑说，我表哥养的黑猫，顺风车送回老家。
表哥特意叮嘱，这猫胆子小，不能放在后座，得放在人看得见的地方。副驾驶就成了它的专座。表哥还叮咛，这猫务必安全送回家，路上拍点视频，你嫂子要看。季昆听说过，这猫他们两人养了许多年，嫂子还取了个名字，叫煤球，发在网上的视频里，煤球胸前还系着一个领结。说是为了备孕，他们决定把猫先送回老家。虽然表哥不肯承认，但季昆心里明白，这猫大概是被遗弃了，送回乡下养，再体面的猫也得成野猫。
一路上，这猫叫个不停，季昆将音乐开到最大都压不住猫的声音。它仿佛受了惊，用尽力气哀号。听久了，季昆也有点不忍心。人要移动个几百公里身体也累，何况一只没出过门的畜生。这猫在家里，也像个小孩般被人照料，没吃过苦。吵得实在受不了了，季昆开到了服务区，将猫包抬到车外。趁着阳光，他看到了一双墨绿的眼睛，在漆黑的皮毛中闪动。
表哥说，别打开包，包一开，猫受了惊就该跑了。季昆说，那不许，猫要跑了，嫂子要恨死我。表哥在电话里叹口气说，她现在只想生个孩子，今天又跟我吵，焦虑得不行。季昆想开口说点什么，又不好意思再说。表哥大他四岁，住在同村，从小就认识，但季昆心里对表哥有一点怵。或许因为表哥也算个能人，从小成绩好，一路从村里读到市里，又到了上海，读了研究生，进了大公司，年收入是他的好几倍，而自己从小学习就差，表哥假期来辅导，也曾气到捶桌子。后来季昆和其他同辈人一样，读了中专，毕业后就四处漂泊。前年买了一辆荣威，每年可以往返老家和上海好几回。姨妈新做的被子、老家的特产、表哥送回老家的衣服，包括宠物，还得靠他往返送达。
将猫包塞回车里，季昆心里想，这猫总归是好命。
车子发动有一会儿了，季昆意识到，猫不叫了。它安安静静待在副驾驶座上，一声没吭。
那人调侃，这猫比俺尊贵，要坐副驾驶。季昆没再谈猫，转开话题，和那人闲聊起来。让那人上车，季昆也有一点私心，以往他都和老婆一同跑这趟路，老婆会和他聊聊天，让他精神点。现在车上多了一人，能说上几句话，也不容易犯困。或许因为口音相近，多说了几句话，两人都觉得彼此投缘。那人说自己姓赵，赵钱孙李，百家姓之首。季昆觉得这人有趣，长得粗糙，说起话来还显得挺有文化。
那人说，看你跟俺儿子差不多大。他身子往前探了探，靠近季昆，说，你成过亲？季昆答，儿子都上小学了，这次回家，老婆要生二胎了。那人说，那福气好啊。季昆说，福气好啥？苦啊。那人干笑了几声说，苦什么，这叫人丁兴旺。季昆说，一个儿子已经够呛，再来一个……那人问，你在哪里做活儿？季昆说，在上海，刚做了半年景观工程，就是接一些市政项目。那人说，你猜猜，俺是做什么的？季昆说，我猜不出，像在工地。那人说，你眼光不错，俺在工地干了二十年，专做工程潜水。
季昆手一颤，右转灯都来不及拨回，有两个字弹到了嘴边，水鬼？
那人说，潜水员就是潜水员，干工作的是人，又不是鬼。意识到那人语气里的不满，季昆声音低了下来，老哥，干这行的都是神仙，不是凡人。那人说，不是神仙，神仙用不着三餐，人才要吃饭，要不是为了讨口饭，谁愿意干这行？他顿了两秒，问季昆，你要想接触这行，俺倒是可以给你介绍师傅。
季昆听说过水鬼的工作，风险性极高，但赚的钱也稍微多一些。这多，也只是与其他苦活相比，和表哥那种高才生比，也不算多。早些年季昆在工厂里做印刷工作，认识的人少，工作比较枯燥，转到建筑行业，眼前像打开了一扇大门，视野开阔了，但压力也大了许多。偶然间听到这种比较特殊的职业，倒想多聊几句。他问，老哥，下泥浆不？他们说那种掉落的钻头捞出来，能省几百万。我还听说，牵绳那人必须是亲属，换谁都不行。
那人在后座说，你说对了，那活儿得找个信得过的人。不只下泥浆，只要跟水有关的工程，俺都可以做。季昆说，老哥牛。那人说，但是不瞒你，第一次下水，俺就把后事都想好了，相信不？
老哥，你不是凡人。季昆这话是发自内心的，他将方向盘都握得紧些了，觉得自己这趟返乡路，载了一个不一般的人，走得也就不一般。他问那人，有什么故事可以说说不？人潜到地下面，能看见些啥？
那人倒也很乐意说点话，他调整了自己的坐姿，在狭小的空间里寻了个最舒服的位置。他说，俺这人心眼实，敢信人。就像你，你是驾驶员，跟地上牵绳的人是一样的，掌握着一个人的命运，你要是想要害死俺，俺没有一点反抗的余地。这个社会，像俺这样的人太少，所以人和人之间互相不信任，产生了很多矛盾。
那人说自己从业这么多年，从没有找亲人做过牵绳人，都是朋友，信得过的踏实朋友。他凭着无条件的信任，也换得朋友的信任。但唯有一个朋友对他来说比较特殊。两人是同村人，认识多年，关系和亲兄弟一样。出来打工后，两人一起做了工地的潜水员，技术都不错，都赚了一点钱。但时间久了，那朋友得了职业病，也就是潜水员常得的减压病，发作的时候仿佛经历酷刑。那朋友也花了不少钱去治疗，还进过高压舱。人的身体有时候如同薄纸，脆弱无比。长达近一年的时间，那朋友都没有再下过水，还好他的身体不错，走南闯北，与朋友如以往一样配合默契。
但时间久了，那朋友心里又痒了起来，与他商量，遇到一些下水不深的项目，让他来试一试。一年到头了，手上没有攒下钱，朋友心里急。家里孩子几人，老婆待业，花钱的地方越来越多。他看朋友恳求多遍，也只能横下心，找了一个二十米以内的管道，瞒着工程部的人，让那朋友下去。那天不知为何，他的心一直怦怦直跳，或许一直都本分老实，第一次做这种冒险的事情，幸好朋友潜水多年技术还在，上来的过程虽有点惊险，但好在没出意外。拿到钱，朋友的胆子也就越来越大，开始与他抢起项目来。
他记得那是年前最后一个工作日，干完这一单，所有人都准备收拾行李回家过年。那朋友已经摸到了钻头，发出上岸的信号，但上浮过程中，朋友没有做好减压项目，出了水面后，整个人就失了力气。他还想尝试补救，但已经来不及了，那朋友上岸后，他将朋友的护具全部摘掉，只剩下一张停了呼吸、已经发紫肿胀的脸。
副驾驶上的猫忽然叫了一声，季昆愣了两秒才说，老哥，人就这样没了？那人说，没了。
事情大约过去很久了，从那人的语气里已经听不出强烈的情绪。亲兄弟一样的朋友在自己面前死去，季昆没有这样的经历，也无法去想象这样的经历。那人说，各行各业，都有禁忌。犯了禁忌，人就不能活。俺也有责任，俺不该犯这禁忌。人死灯灭，俺把和那朋友合作一年攒的积蓄都给了嫂子，嫂子还不甘心，还要和俺闹。民间说，干这行，上来两万，上不来就两百万。人家大企业，搞工程的人，其实也不差这一点钱，但上面的老板要推卸责任，不肯赔钱。后来俺也走投无路，找了一些同乡和家属去闹了好几天。上面的老板终于发了善心，最后赔了不少。俺一分没留，全给了家属。
赔了多少？季昆问。那人声音急促，这些钱，俺没拿，总共多少，不知道。泥窝里有黄金，有的人为了挖金子，就把命给搭上了，你说值不值？
季昆说，老哥改行吧，命要紧。那人说，俺一把年纪了，也不准备再干了，你说人要走了，要那么多钱也花不着。"
zh_32,10_c418925-40439145_html.txt,hard,《人民文学》2025年第3期｜范稳：青云梯（长篇小说 节选2）--新作品--中国作家网,https://www.chinawriter.com.cn/n1/2025/0314/c418925-40439145.html,2026-04-17,"chinawriter-end_article | The text is correct and substantive, but it is much longer than many other items because the source excerpt is long. | Substantive literary/historical prose; long but coherent and strongly judgeable.",private_dataset_only_manual_review_required,source_audit=pass; qa=pass; reviewed=2026-04-17,literary prose / long excerpt,pass,"范稳，一九八五年毕业于西南大学中文系，同年到云南工作。做过地质队员、新闻文化干事、文学编辑。现为云南省作家协会主席、云南省文联副主席，文学创作一级，云南文史馆馆员。一九八六年开始发表作品，现已发表各类题材、体裁的文学作品七百余万字，出版著作十七部。曾获“中国好书”、《人民文学》长篇小说双年奖、十月文学奖、百花文学奖、《当代》“长篇小说拉力赛年度总冠军”等诸多国内重要文学奖项。部分长篇代表作品被翻译成英、法、德、意、日等多国语言出版发行。
青云梯（节选）
范 稳
九 “拒洋修路”
民国以前的建水有四道城门，按东南西北顺序分别为迎晖门、阜安门、清远门、永贞门。每道城门都设有瓮城、箭楼，墙高十丈，墙头可跑马行车，城墙四角还有碉楼，配有洋枪洋炮。临安知府冀文治万万没有想到的是，有人用区区十两银子，就买通了镇守清远门的一个巡防营参将。堡垒易从内中破，家贼向来最难防。义军洪水般从洞开的清远门涌进，不到半个时辰就杀到了中营，临安总兵王星魁还没来得及组织抵抗，就死于乱刀之下。中营背后约两里远便是临安府署，此刻府署内吏、户、礼、兵、刑、工六科的小吏们早逃得不见踪影。同知赵留祥作为知府的副手，说是带人去城门御敌，就再也没有了消息。城内火光冲天，夜空血红。冀文治的官邸就在衙署后面，他没有跑，也根本不能跑。家里一妻一妾，还上有父母高堂，下有儿女一双，覆巢之下，他能往哪里逃？
天亮时，义军已完全控制了建水城。城内到处是头扎黑头巾、舞刀弄枪的义军。吴廉膺只带了两个暗藏利刃的贴身跟班，自己一身布衣打扮，毛瑟枪掩在腰间，挑背街小巷，七绕八拐地进到义军设在城隍庙的大本营正房。两眼血红的李伯君和志得意满的周大祥正跟几个义军头领坐在一张八仙桌上大块吃肉、大碗喝酒，两只刚从锅里捞出的全鸡还蒸腾着热气。周大祥扔下手里的鸡腿，起身抱拳，喊：“大老板……”吴廉膺没有应他，只给李伯君递了个眼色，扭身往旁边一间厢房走。李伯君会意，放下饭碗，拉起周大祥跟了进去。
这是扭转混乱局面的一次会面。吴廉膺若来晚一点，这段历史或许又将另写。吴廉膺在来的路上，已经看到一些义军强闯民宅了。吴廉膺劈头质问两人：“一支仁义之师，攻下一座城池，首要大事是哪样？”
周大祥说：“杀贪官污吏，报仇雪恨。”
李伯君想了想，才说：“发布安民告示，开仓放粮，以安百姓。”
“那还不快着人去办！”吴廉膺愤然道，“一些士卒已经在拍打我吴家花园的大门了。”
周大祥一拍大腿，“嗐！那可是大水冲了龙王庙了！大老板，我马上着人叫他们回来。”
中午时，义军“安民告示”发出，晓谕城内百姓各安其业，义军上下不得扰民，公买公卖，并开仓平粜米粮。建水城在战战兢兢中，暂时安宁下来了。
局势却像一群莽汉贸然闯进了庙堂，将它往昔的尊严、秩序乃至权威悉数捣毁。接下来该怎么办？没有谁有明确的答案。首先在要不要杀官吏的问题上，吴廉膺和李伯君就发生了极大争执。李伯君的意见是，将七品以上的官员游街示众后，当众处决。过去他当暗杀部部长时，要杀一个四品官，得有多难啊！有多少革命志士，倒在一次又一次暗杀未遂的血泊中。现在这些朝廷命官就在他生杀予夺的手掌中，李伯君岂能轻易放弃？
但吴廉膺说：“不行。你不能杀读书人。”
李伯君争辩道：“清廷满朝文武，哪个不是读书人？举人、进士、状元、翰林院的大学士，四书五经，读得满腹经纶，但都是些什么货色？杀起别人来，他们可从不会手软！”
吴廉膺沉默一会儿，才说：“这正是我们举兵造反的原因。至少，就我所知，冀文治不算是一个贪官。”
周大祥听吴廉膺的，更知道江湖上的一些规矩，“暂留他们一条狗命吧。占山为王的人，手里还是要有几条‘肥猪’，好跟官府谈价钱哩。”然后他又狠狠地说，“不让杀读书人，洋老咪总可以杀吧？”
“什么，你们还抓了洋人？”吴廉膺有些惊讶。
“在个旧到建水的路上，抓到一个在东测西量的洋老咪。”李伯君揩揩嘴说，“他叫什么尼复礼，是个满脸胡子的家伙，比我还更像个土匪。你看看，我们不造反，洋老咪的铁路就要修到个旧来了。”
吴廉膺对周大祥说：“带我去看看他。”举事以来，他有种闯了大祸的担忧。洋人的事情无小事，这点儿常理他还拎得清楚。光绪二十二年（1896），蒙自五里冲的村民杀了三名法国滇越铁路公司的勘测人员，清廷为了向洋人交代，荡平了数十座村庄；光绪二十六年（1900），个旧古山的矿工、农民大起义，火烧蒙自海关。清廷派兵镇压，又杀得滇南大地哀鸿遍野。杀来杀去，杀得这世道官怕洋人，洋人怕百姓，百姓怕官。
尼复礼和他的三个中国随从都被反吊在一间昏暗的屋子里。中国人的头发肮脏散乱，头垂在胸以下，唯独这洋人满头金色鬈发，一直昂着头，一副破损的眼镜后面的蓝色眼珠，闪烁着灼热而不屈的光芒。吴廉膺见到这个大胡子洋人时，竟然心生一丝怜悯。
“放他们下来。”吴廉膺对跟在他身后的周大祥说。
“为啥？”周大祥问。
“我要问他一些事。”吴廉膺冷冷地说。
吴廉膺并不是个保守的读书人，《云南》杂志早开阔了他的眼界。他和陈云鹤在丁祭时斗嘴，不过是在掩饰自己的知识缺陷。洋务运动以来，他也知道“师夷长技”之妙，但学不到的“技”，如果成为欺凌你的“术”，任谁的自尊心都会受伤害。就像铁路，这是他不了解并感到将会深受其害的“长技”。有人可以忍受在列祖列宗面前的羞辱吗？他想问尼复礼：“你们的铁路真的要穿过我家的祖坟地？”
随尼复礼一同被抓的通译顾其云是个刚留洋回来的年轻人，没有蓄辫子，头发散乱地披在肩上，要长不长，要短不短，像他眼下这尴尬的现状。他转译尼复礼的话说：“修铁路是跟大清国政府签订好合约的，我们只是负责勘测好线路，该穿山时就打洞，该过河时就架桥。”吴廉膺问：“但是你们要侵占我的良田，还要掘我的祖坟。你们认为我会同意吗？”尼复礼耸耸肩，说：“尊贵的绅士，我很遗憾。我不知道你是谁，你可找你们的政府要求补偿。我们法国铁路公司只按合约行事。”吴廉膺愤然说：“你有你的合约，我有我的规矩！这世上有些东西，不是金钱可以补偿的。”
周大祥在一旁说：“大哥，跟这些洋老咪讲不清道理的。杀了他们就是了。”
尼复礼听说要杀他们时，眼神有片刻的慌乱。然后他沉静下来，似乎认命了。他开始低声祷告。
吴廉膺问：“他说什么？”
通译想了想说：“他在跟他的妈妈告别。他还祈求你们得到饶恕，因为你们做了件蠢事。”
周大祥对通译大叫道：“你胡扯！是他求饶还是我们？”
吴廉膺倒怔住了，这是个什么道理？天下哪里有要被开刀问斩还心存怜悯的人？我偏不给你那点优越感。他回头对周大祥说：“把这两个人交给我，送到我家里去。”
“大哥……”
吴廉膺起身，“另外两个中国人是脚夫吧，放他们走。”
义军未来的走向，才是一个大问题。按吴廉膺的设想，举事起兵的目的，是为“拒洋修路，阻洋占厂”。现在打下临安府，必定震慑到云贵总督，甚至惊动朝廷。这相当于一次“兵谏”，以此废除云南府与洋人签订的《七府矿权条约》，迫使英法公司进不了个旧厂，让洋人铁路不走蒙自和建水。那个被幽禁在吴家花园的洋人就是吴廉膺最大的筹码。
而作为革命党人的李伯君，其目标则更为大胆狂野。从攻下个旧城时起，他就将自己制定的战略计划一遍又一遍地讲给周大祥和义军头领们听，讲给他身边的每一个矿工、挑夫、赶马人、小商贩、农夫和筑路工人听——
“义军取临安府后，进击周边的石屏、蒙自、阿迷等州县，编练五万兵民，直取云南府，征召十万兵民，联络川黔桂之革命党人：一路北上成都、西安，再进击兰州、太原；二路南下两广，克南宁、广州，包抄福州、杭州；三路东进贵阳、重庆，沿长江而下取武昌、南昌，与包抄而来之南线革命军合攻南京。再挥师北上，取济南府、天津卫，与北线革命军总会师于北京，最终直捣黄龙，推翻腐朽万恶的清廷！”
他在想象中点豆成兵，在驴背上（他一直骑着一头驴行军）运筹帷幄，在地图上指明义军进军方向。他常常说得满面红光，发辫飞舞，汗珠子一滴又一滴地掉在地图上。“取昆明、取成都、取广州、取武汉、取京城”，仿若探囊取物，手到擒来。一个职业革命者就是一个极富想象力的浪漫主义者，他如果去写诗，或可得以安享诗酒晚年；倘若举旗造反，他便是社会最危险的人物，最疯狂的冒险家，最敢于舍家献身、最不在乎头颅掷处血泪斑斑的死士。
吴廉膺默默地看着同党在地图上画出的进军路线，待李伯君的情绪从亢奋的高处回落下来，才缓缓说：“你疯了。”"
zh_33,33_xue_fan_profile.txt,hard,“但愿从今后 你我永不忘……”——追记近2000首外国歌曲歌词译配者薛范-新华网,https://www.news.cn/politics/2022-09/09/c_1128988497.htm,2026-04-17,"Xinhua feature/profile extraction (cleaned excerpt) | Long Xinhua memorial-profile with cultural references, quotations, and biographical detail suitable for a hard reserve slot. | Feature/profile prose is coherent and gives clear stylistic and structural signal.",private_dataset_only_manual_review_required,source_audit=pass; qa=pass; reviewed=2026-04-17,cultural feature / hard reserve,pass,"音乐最神奇的魅力之一在于——当一段旋律响起，人们的记忆会自动关联到一些人、一些事、一段过往，抑或是无尽的未知。翻译家薛范的传奇一生，奇迹般地创造了这样一组关联——从《莫斯科郊外的晚上》首个中文译配版，到近2000首风格各异的外国歌曲，如《草帽歌》《雪绒花》《红河谷》《鸽子》等。值得一提的是，2012年经典音乐剧《猫》在上海推出首个中文版，传唱至今的最热门歌曲《回忆》，也是由他译配的。

从音乐到文学，从世界到中国，再到世界……他为中国人打开了一扇通往世界的“音乐之窗”。

2022年9月2日晚，薛范因病医治无效在上海逝世，享年88岁。噩耗传来，人们情不自禁追忆这位歌曲译配大师。

中国人爱听爱唱《莫斯科郊外的晚上》，但不是所有人都知道，译配歌词的是薛范，而且他是一名残障人士。

薛范的一生，充满了苦难与传奇。人们用勤勉、睿智、自强不息、持之以恒来形容他，甚至还有人称他是“中国的保尔·柯察金”。

1934年9月，薛范出生于上海，早年罹患小儿麻痹症，留下挥之不去的腿疾。尽管终身与轮椅、拐杖为伴，他却勇于掌控自己的“生命之舟”。20世纪50年代初，他和许多普通中国人一样，沉浸在苏联小说、电影和歌曲中，沸腾的生活和燃烧的激情在薛范心中产生了强烈共鸣。

对歌曲进行译配，对应着简谱，把美妙的歌曲化成简单易懂、便于传唱的中文版歌词，何乐而不为？坐在轮椅上，卧在床上，行进在街头，向往火红青春的薛范认为，这是一条值得为之奋斗、坚守的路。

薛范说：“‘丑小鸭’怎么可能变成‘白天鹅’呢，‘丑小鸭’长大了只会变成‘丑老鸭’，老实说，我说我是‘丑老鸭’，但是，我也要叫出自己的声音。”2021年5月，他在上海家中向记者回忆起自己的青少年时代。

他一生精通多门外语，曾进修过俄语，后来又自学英语、法语、西班牙语、意大利语、日语等。1953年，薛范翻译的第一首外国歌曲《和平战士之歌》在《广播歌选》杂志发表。1957年，《莫斯科郊外的晚上》首个中文译配版问世，那一年薛范23岁。

薛范个人译配生涯的开端，主要是与广播结缘，通过收听广播课程学习外语，译配完成后，歌曲又通过广播电台在全国传唱。他每日伏案孜孜不倦，还设法自学了当时大学中文系的课程，并广泛阅读了我国已经翻译出版的各类外国诗集，从中汲取文学养分。

据中国翻译协会初步统计，他一生译配发表了近2000首外国歌曲，其中俄语歌曲800多首，欧美、拉美及亚非等地其他语种歌曲千余首，影响了几代中国人。

走进薛范的家，眼前可以用“书山书海”来形容，他端坐在电脑前，四周摆满了各种印刷品和手稿，包括不同时期不同语种的书籍、杂志、报纸、乐谱、唱片……所有这些包围着他那略显瘦弱的身躯。

20世纪90年代，多家媒体登门拜访薛范，彼时他已是赫赫有名的翻译家了。不过，记者看到、拍到的他，完全没有“光环”。他戴着略显沉重的黑框眼镜、穿着蓝色粗布工装，废寝忘食，把整个自己深“埋”在作品的“海洋”里。

2021年初夏的一天，已是午后两三点，当记者如约登门拜访薛老时，碰上他尚未用完午餐，桌上略显凌乱。显然，对薛范而言，这又是“忙过了头”的一天。他面对记者好奇的目光，快速收拾好桌子，一转身又再度投入到对歌曲译配事业的回顾与展望中。

歌曲译配与普通翻译到底有哪些区别？薛范用了近70年去研究、去发现，并且为后人总结了一套外语歌曲如何译配中文版的教科书级方法。

他说，外国歌曲的中文译配，就是要把歌词与音乐配起来，这是难点所在。在外国歌曲中，词汇的音节发音大多是通过轻音或重音来体现，一般重音必定要落在音乐的强拍上；中文一般不分轻重音，而且汉语普通话有四个声调，但大部分外国语没有四声之分。普通的翻译，如果只追求意思准确，而不考虑与旋律和节拍的恰当配合，往往无法达到精准的歌词表达效果，这就是译配工作需要去攻克的难题。

他曾举例，有的歌词上下文中出现了“我的马”和“我妈妈”，但是因为没有与音乐适配，很可能在用中文演唱时“妈”“马”不分，出现跨文化的误唱和误读。"
